ID,Description,GeneRatio,BgRatio,pvalue,p.adjust,qvalue,Count,ont,comparison,geneID,symbol
GO:0072160,nephron tubule epithelial cell differentiation,2/2,15/18493,6.140843652962611e-7,5.1302362403607616e-5,1.8838076769990554e-6,2,bp,NAC,6772/8842,STAT1/PROM1
GO:0072182,regulation of nephron tubule epithelial cell differentiation,2/2,13/18493,4.561769570772232e-7,5.1302362403607616e-5,1.8838076769990554e-6,2,bp,NAC,6772/8842,STAT1/PROM1
GO:2000696,regulation of epithelial cell differentiation involved in kidney development,2/2,18/18493,8.948086465745514e-7,5.1302362403607616e-5,1.8838076769990554e-6,2,bp,NAC,6772/8842,STAT1/PROM1
GO:0035850,epithelial cell differentiation involved in kidney development,2/2,44/18493,5.532607710192979e-6,2.379021315382981e-4,8.73569638451523e-6,2,bp,NAC,6772/8842,STAT1/PROM1
GO:0061005,cell differentiation involved in kidney development,2/2,54/18493,8.369092635609049e-6,2.399139888874594e-4,8.809571195377946e-6,2,bp,NAC,6772/8842,STAT1/PROM1
GO:0090183,regulation of kidney development,2/2,54/18493,8.369092635609049e-6,2.399139888874594e-4,8.809571195377946e-6,2,bp,NAC,6772/8842,STAT1/PROM1
GO:0061326,renal tubule development,2/2,95/18493,2.611320658140765e-5,5.614339415002644e-4,2.0615689406374458e-5,2,bp,NAC,6772/8842,STAT1/PROM1
GO:0072080,nephron tubule development,2/2,93/18493,2.5019551568927686e-5,5.614339415002644e-4,2.0615689406374458e-5,2,bp,NAC,6772/8842,STAT1/PROM1
GO:0072009,nephron epithelium development,2/2,109/18493,3.442381499175035e-5,6.578773531756733e-4,2.415706315210551e-5,2,bp,NAC,6772/8842,STAT1/PROM1
GO:0072006,nephron development,2/2,136/18493,5.368851879447315e-5,8.897896366971529e-4,3.2672814077006837e-5,2,bp,NAC,6772/8842,STAT1/PROM1
GO:0072073,kidney epithelium development,2/2,140/18493,5.690515118412024e-5,8.897896366971529e-4,3.2672814077006837e-5,2,bp,NAC,6772/8842,STAT1/PROM1
GO:0030856,regulation of epithelial cell differentiation,2/2,151/18493,6.623338511409671e-5,9.493451866353863e-4,3.485967637584038e-5,2,bp,NAC,6772/8842,STAT1/PROM1
GO:0001822,kidney development,2/2,271/18493,2.13964538136797e-4,0.002830915427656083,1.0395038290046819e-4,2,bp,NAC,6772/8842,STAT1/PROM1
GO:0072001,renal system development,2/2,286/18493,2.3835246007284866e-4,0.0029283302237521408,1.0752742559677384e-4,2,bp,NAC,6772/8842,STAT1/PROM1
GO:0001655,urogenital system development,2/2,322/18493,3.0225232459881943e-4,0.003465826655399796,1.2726413667318712e-4,2,bp,NAC,6772/8842,STAT1/PROM1
R-HSA-1059683,Interleukin-6 signaling,1/1,11/10554,0.0010422588592001736,0.007166606370699537,NA,1,re,NAC,6772,STAT1
R-HSA-1839117,Signaling by cytosolic FGFR1 fusion mutants,1/1,18/10554,0.0017055144968732838,0.007166606370699537,NA,1,re,NAC,6772,STAT1
R-HSA-6783589,Interleukin-6 family signaling,1/1,24/10554,0.0022740193291642674,0.007166606370699537,NA,1,re,NAC,6772,STAT1
R-HSA-877312,Regulation of IFNG signaling,1/1,14/10554,0.0013265112753458874,0.007166606370699537,NA,1,re,NAC,6772,STAT1
R-HSA-8854691,Interleukin-20 family signaling,1/1,25/10554,0.002368770134546061,0.007166606370699537,NA,1,re,NAC,6772,STAT1
R-HSA-8984722,Interleukin-35 Signalling,1/1,12/10554,0.0011370096645820782,0.007166606370699537,NA,1,re,NAC,6772,STAT1
R-HSA-9013508,NOTCH3 Intracellular Domain Regulates Transcription,1/1,25/10554,0.002368770134546061,0.007166606370699537,NA,1,re,NAC,6772,STAT1
R-HSA-9020956,Interleukin-27 signaling,1/1,11/10554,0.0010422588592001736,0.007166606370699537,NA,1,re,NAC,6772,STAT1
R-HSA-9020958,Interleukin-21 signaling,1/1,10/10554,9.4750805381838e-4,0.007166606370699537,NA,1,re,NAC,6772,STAT1
R-HSA-912694,Regulation of IFNA signaling,1/1,26/10554,0.0024635209399279656,0.007166606370699537,NA,1,re,NAC,6772,STAT1
R-HSA-982772,Growth hormone receptor signaling,1/1,24/10554,0.0022740193291642674,0.007166606370699537,NA,1,re,NAC,6772,STAT1
R-HSA-1839124,FGFR1 mutant receptor activation,1/1,31/10554,0.0029372749668371556,0.007230215302983768,NA,1,re,NAC,6772,STAT1
R-HSA-186763,Downstream signal transduction,1/1,29/10554,0.0027477733560735684,0.007230215302983768,NA,1,re,NAC,6772,STAT1
R-HSA-5655302,Signaling by FGFR1 in disease,1/1,38/10554,0.003600530604510044,0.0082297842388801,NA,1,re,NAC,6772,STAT1
R-HSA-1433557,Signaling by SCF-KIT,1/1,43/10554,0.004074284631419456,0.008338070873602721,NA,1,re,NAC,6772,STAT1
R-HSA-451927,Interleukin-2 family signaling,1/1,44/10554,0.0041690354368013605,0.008338070873602721,NA,1,re,NAC,6772,STAT1
R-HSA-9012852,Signaling by NOTCH3,1/1,49/10554,0.0046427894637104394,0.008739368402278474,NA,1,re,NAC,6772,STAT1
R-HSA-186797,Signaling by PDGF,1/1,58/10554,0.005495546712147026,0.009255657620458149,NA,1,re,NAC,6772,STAT1
R-HSA-447115,Interleukin-12 family signaling,1/1,58/10554,0.005495546712147026,0.009255657620458149,NA,1,re,NAC,6772,STAT1
GO:0002053,positive regulation of mesenchymal cell proliferation,1/2,26/18493,0.002809974026102613,0.009294529470954795,3.412923918343255e-4,1,bp,NAC,6772,STAT1
GO:0002230,positive regulation of defense response to virus by host,1/2,25/18493,0.002701971207303422,0.009294529470954795,3.412923918343255e-4,1,bp,NAC,6772,STAT1
GO:0003337,mesenchymal to epithelial transition involved in metanephros morphogenesis,1/2,13/18493,0.0014054812047546994,0.009294529470954795,3.412923918343255e-4,1,bp,NAC,6772,STAT1
GO:0007221,positive regulation of transcription of Notch receptor target,1/2,18/18493,0.001945787719877634,0.009294529470954795,3.412923918343255e-4,1,bp,NAC,6772,STAT1
GO:0010842,retina layer formation,1/2,22/18493,0.0023779276603707045,0.009294529470954795,3.412923918343255e-4,1,bp,NAC,8842,PROM1
GO:0032727,positive regulation of interferon-alpha production,1/2,22/18493,0.0023779276603707045,0.009294529470954795,3.412923918343255e-4,1,bp,NAC,6772,STAT1
GO:0035458,cellular response to interferon-beta,1/2,20/18493,0.002161869386969273,0.009294529470954795,3.412923918343255e-4,1,bp,NAC,6772,STAT1
GO:0051767,nitric-oxide synthase biosynthetic process,1/2,18/18493,0.001945787719877634,0.009294529470954795,3.412923918343255e-4,1,bp,NAC,6772,STAT1
GO:0051769,regulation of nitric-oxide synthase biosynthetic process,1/2,18/18493,0.001945787719877634,0.009294529470954795,3.412923918343255e-4,1,bp,NAC,6772,STAT1
GO:0051770,positive regulation of nitric-oxide synthase biosynthetic process,1/2,14/18493,0.001513554204624623,0.009294529470954795,3.412923918343255e-4,1,bp,NAC,6772,STAT1
GO:0060219,camera-type eye photoreceptor cell differentiation,1/2,18/18493,0.001945787719877634,0.009294529470954795,3.412923918343255e-4,1,bp,NAC,8842,PROM1
GO:0060231,mesenchymal to epithelial transition,1/2,20/18493,0.002161869386969273,0.009294529470954795,3.412923918343255e-4,1,bp,NAC,6772,STAT1
GO:0060330,regulation of response to interferon-gamma,1/2,25/18493,0.002701971207303422,0.009294529470954795,3.412923918343255e-4,1,bp,NAC,6772,STAT1
GO:0060334,regulation of interferon-gamma-mediated signaling pathway,1/2,25/18493,0.002701971207303422,0.009294529470954795,3.412923918343255e-4,1,bp,NAC,6772,STAT1
GO:0061318,renal filtration cell differentiation,1/2,17/18493,0.0018377381136982507,0.009294529470954795,3.412923918343255e-4,1,bp,NAC,8842,PROM1
GO:0070102,interleukin-6-mediated signaling pathway,1/2,17/18493,0.0018377381136982507,0.009294529470954795,3.412923918343255e-4,1,bp,NAC,6772,STAT1
GO:0070106,interleukin-27-mediated signaling pathway,1/2,11/18493,0.001189317659748168,0.009294529470954795,3.412923918343255e-4,1,bp,NAC,6772,STAT1
GO:0070757,interleukin-35-mediated signaling pathway,1/2,11/18493,0.001189317659748168,0.009294529470954795,3.412923918343255e-4,1,bp,NAC,6772,STAT1
GO:0071104,response to interleukin-9,1/2,10/18493,0.0010812271146108943,0.009294529470954795,3.412923918343255e-4,1,bp,NAC,6772,STAT1
GO:0072010,glomerular epithelium development,1/2,21/18493,0.002269901447881084,0.009294529470954795,3.412923918343255e-4,1,bp,NAC,8842,PROM1
GO:0072074,kidney mesenchyme development,1/2,19/18493,0.0020538314776349376,0.009294529470954795,3.412923918343255e-4,1,bp,NAC,6772,STAT1
GO:0072075,metanephric mesenchyme development,1/2,15/18493,0.0016216213560716897,0.009294529470954795,3.412923918343255e-4,1,bp,NAC,6772,STAT1
GO:0072077,renal vesicle morphogenesis,1/2,19/18493,0.0020538314776349376,0.009294529470954795,3.412923918343255e-4,1,bp,NAC,6772,STAT1
GO:0072087,renal vesicle development,1/2,20/18493,0.002161869386969273,0.009294529470954795,3.412923918343255e-4,1,bp,NAC,6772,STAT1
GO:0072111,cell proliferation involved in kidney development,1/2,19/18493,0.0020538314776349376,0.009294529470954795,3.412923918343255e-4,1,bp,NAC,6772,STAT1
GO:0072112,glomerular visceral epithelial cell differentiation,1/2,17/18493,0.0018377381136982507,0.009294529470954795,3.412923918343255e-4,1,bp,NAC,8842,PROM1
GO:0072170,metanephric tubule development,1/2,23/18493,0.0024859480244374677,0.009294529470954795,3.412923918343255e-4,1,bp,NAC,6772,STAT1
GO:0072202,cell differentiation involved in metanephros development,1/2,26/18493,0.002809974026102613,0.009294529470954795,3.412923918343255e-4,1,bp,NAC,6772,STAT1
GO:0072203,cell proliferation involved in metanephros development,1/2,10/18493,0.0010812271146108943,0.009294529470954795,3.412923918343255e-4,1,bp,NAC,6772,STAT1
GO:0072215,regulation of metanephros development,1/2,23/18493,0.0024859480244374677,0.009294529470954795,3.412923918343255e-4,1,bp,NAC,6772,STAT1
GO:0072234,metanephric nephron tubule development,1/2,20/18493,0.002161869386969273,0.009294529470954795,3.412923918343255e-4,1,bp,NAC,6772,STAT1
GO:0072243,metanephric nephron epithelium development,1/2,23/18493,0.0024859480244374677,0.009294529470954795,3.412923918343255e-4,1,bp,NAC,6772,STAT1
GO:0072273,metanephric nephron morphogenesis,1/2,26/18493,0.002809974026102613,0.009294529470954795,3.412923918343255e-4,1,bp,NAC,6772,STAT1
GO:0072283,metanephric renal vesicle morphogenesis,1/2,16/18493,0.0017296826590963432,0.009294529470954795,3.412923918343255e-4,1,bp,NAC,6772,STAT1
GO:0072311,glomerular epithelial cell differentiation,1/2,18/18493,0.001945787719877634,0.009294529470954795,3.412923918343255e-4,1,bp,NAC,8842,PROM1
GO:0090185,negative regulation of kidney development,1/2,17/18493,0.0018377381136982507,0.009294529470954795,3.412923918343255e-4,1,bp,NAC,6772,STAT1
GO:1905331,negative regulation of morphogenesis of an epithelium,1/2,19/18493,0.0020538314776349376,0.009294529470954795,3.412923918343255e-4,1,bp,NAC,6772,STAT1
GO:0045296,cadherin binding,2/2,323/17632,3.3456451117643514e-4,0.009367806312940184,3.521731696594054e-4,2,mf,NAC,6772/8842,STAT1/PROM1
GO:0032647,regulation of interferon-alpha production,1/2,28/18493,0.003025962118434089,0.009463008806739334,3.474789035522399e-4,1,bp,NAC,6772,STAT1
GO:0035456,response to interferon-beta,1/2,28/18493,0.003025962118434089,0.009463008806739334,3.474789035522399e-4,1,bp,NAC,6772,STAT1
GO:0072207,metanephric epithelium development,1/2,27/18493,0.002917970996479724,0.009463008806739334,3.474789035522399e-4,1,bp,NAC,6772,STAT1
R-HSA-1226099,Signaling by FGFR in disease,1/1,63/10554,0.005969300739056327,0.009550881182490124,NA,1,re,NAC,6772,STAT1
R-HSA-1169408,ISG15 antiviral mechanism,1/1,71/10554,0.006727307182111009,0.009623386146608287,NA,1,re,NAC,6772,STAT1
R-HSA-8939902,Regulation of RUNX2 expression and activity,1/1,73/10554,0.006916808792874707,0.009623386146608287,NA,1,re,NAC,6772,STAT1
R-HSA-909733,Interferon alpha/beta signaling,1/1,69/10554,0.006537805571347199,0.009623386146608287,NA,1,re,NAC,6772,STAT1
GO:0032607,interferon-alpha production,1/2,29/18493,0.003133947391965819,0.009625695561037872,3.5345271337960363e-4,1,bp,NAC,6772,STAT1
R-HSA-1169410,Antiviral mechanism by IFN-stimulated genes,1/1,78/10554,0.007390562819783786,0.009854083759711713,NA,1,re,NAC,6772,STAT1
GO:0045648,positive regulation of erythrocyte differentiation,1/2,31/18493,0.0033499003937617067,0.010108471363631816,3.7118009903176806e-4,1,bp,NAC,6772,STAT1
GO:0003338,metanephros morphogenesis,1/2,33/18493,0.003565830001867498,0.010395301022393383,3.8171239984308636e-4,1,bp,NAC,6772,STAT1
GO:0071354,cellular response to interleukin-6,1/2,33/18493,0.003565830001867498,0.010395301022393383,3.8171239984308636e-4,1,bp,NAC,6772,STAT1
GO:0010464,regulation of mesenchymal cell proliferation,1/2,34/18493,0.003673786033286275,0.010418037490385683,3.8254727626875213e-4,1,bp,NAC,6772,STAT1
GO:0010742,macrophage derived foam cell differentiation,1/2,36/18493,0.003889680550857033,0.010418037490385683,3.8254727626875213e-4,1,bp,NAC,6772,STAT1
GO:0045494,photoreceptor cell maintenance,1/2,37/18493,0.00399761903700846,0.010418037490385683,3.8254727626875213e-4,1,bp,NAC,8842,PROM1
GO:0050691,regulation of defense response to virus by host,1/2,36/18493,0.003889680550857033,0.010418037490385683,3.8254727626875213e-4,1,bp,NAC,6772,STAT1
GO:0070741,response to interleukin-6,1/2,37/18493,0.00399761903700846,0.010418037490385683,3.8254727626875213e-4,1,bp,NAC,6772,STAT1
GO:0090077,foam cell differentiation,1/2,36/18493,0.003889680550857033,0.010418037490385683,3.8254727626875213e-4,1,bp,NAC,6772,STAT1
GO:0110111,negative regulation of animal organ morphogenesis,1/2,35/18493,0.0037817362162828605,0.010418037490385683,3.8254727626875213e-4,1,bp,NAC,6772,STAT1
GO:0000979,RNA polymerase II core promoter sequence-specific DNA binding,1/2,24/17632,0.0027205473859613916,0.0105721004460498,3.974473851898421e-4,1,mf,NAC,6772,STAT1
GO:0000983,"transcription factor activity, RNA polymerase II core promoter sequence-specific DNA binding",1/2,24/17632,0.0027205473859613916,0.0105721004460498,3.974473851898421e-4,1,mf,NAC,6772,STAT1
GO:0001046,core promoter sequence-specific DNA binding,1/2,38/17632,0.0043058220336826825,0.0105721004460498,3.974473851898421e-4,1,mf,NAC,6772,STAT1
GO:0001047,core promoter binding,1/2,47/17632,0.005324261290720611,0.0105721004460498,3.974473851898421e-4,1,mf,NAC,6772,STAT1
GO:0005164,tumor necrosis factor receptor binding,1/2,31/17632,0.003513342332084557,0.0105721004460498,3.974473851898421e-4,1,mf,NAC,6772,STAT1
GO:0015485,cholesterol binding,1/2,44/17632,0.0049848394404304885,0.0105721004460498,3.974473851898421e-4,1,mf,NAC,8842,PROM1
GO:0032813,tumor necrosis factor receptor superfamily binding,1/2,46/17632,0.00521112710751892,0.0105721004460498,3.974473851898421e-4,1,mf,NAC,6772,STAT1
GO:0032934,sterol binding,1/2,50/17632,0.00566362523895525,0.0105721004460498,3.974473851898421e-4,1,mf,NAC,8842,PROM1
GO:0035035,histone acetyltransferase binding,1/2,29/17632,0.003286861658143847,0.0105721004460498,3.974473851898421e-4,1,mf,NAC,6772,STAT1
GO:0042805,actinin binding,1/2,39/17632,0.0044190076853785065,0.0105721004460498,3.974473851898421e-4,1,mf,NAC,8842,PROM1
GO:0048020,CCR chemokine receptor binding,1/2,43/17632,0.0048716859565433035,0.0105721004460498,3.974473851898421e-4,1,mf,NAC,6772,STAT1
GO:0050839,cell adhesion molecule binding,2/2,486/17632,7.582274188931164e-4,0.0105721004460498,3.974473851898421e-4,2,mf,NAC,6772/8842,STAT1/PROM1
GO:0051721,protein phosphatase 2A binding,1/2,29/17632,0.003286861658143847,0.0105721004460498,3.974473851898421e-4,1,mf,NAC,6772,STAT1
GO:1990841,promoter-specific chromatin binding,1/2,46/17632,0.00521112710751892,0.0105721004460498,3.974473851898421e-4,1,mf,NAC,6772,STAT1
GO:0090184,positive regulation of kidney development,1/2,40/18493,0.004321399404927928,0.011093741755934382,4.0735893840640323e-4,1,bp,NAC,8842,PROM1
R-HSA-877300,Interferon gamma signaling,1/1,92/10554,0.008717074095129895,0.011157854841766266,NA,1,re,NAC,6772,STAT1
GO:0072210,metanephric nephron development,1/2,41/18493,0.004429314497389258,0.011203560199278711,4.1139143938599926e-4,1,bp,NAC,6772,STAT1
GO:0043124,negative regulation of I-kappaB kinase/NF-kappaB signaling,1/2,42/18493,0.004537223741427954,0.011310180920660986,4.1530652095450376e-4,1,bp,NAC,6772,STAT1
GO:0001754,eye photoreceptor cell differentiation,1/2,45/18493,0.00486091638300945,0.011775741096867964,4.324017538629607e-4,1,bp,NAC,8842,PROM1
GO:0010463,mesenchymal cell proliferation,1/2,45/18493,0.00486091638300945,0.011775741096867964,4.324017538629607e-4,1,bp,NAC,6772,STAT1
GO:0030857,negative regulation of epithelial cell differentiation,1/2,46/18493,0.0049688022333580495,0.011799856006336847,4.33287246254719e-4,1,bp,NAC,6772,STAT1
GO:0045646,regulation of erythrocyte differentiation,1/2,47/18493,0.005076682235284458,0.011799856006336847,4.33287246254719e-4,1,bp,NAC,6772,STAT1
GO:0060042,retina morphogenesis in camera-type eye,1/2,47/18493,0.005076682235284458,0.011799856006336847,4.33287246254719e-4,1,bp,NAC,8842,PROM1
R-HSA-6785807,Interleukin-4 and Interleukin-13 signaling,1/1,108/10554,0.010233086981239259,0.012594568592294473,NA,1,re,NAC,6772,STAT1
GO:0042379,chemokine receptor binding,1/2,66/17632,0.007472588394822344,0.013077029690939102,4.916176575541015e-4,1,mf,NAC,6772,STAT1
R-HSA-8878166,Transcriptional regulation by RUNX2,1/1,121/10554,0.011464847451203353,0.013587967349574343,NA,1,re,NAC,6772,STAT1
GO:0070491,repressing transcription factor binding,1/2,74/17632,0.0083764523508284,0.0137965097543056,5.186657802370527e-4,1,mf,NAC,6772,STAT1
GO:0043178,alcohol binding,1/2,79/17632,0.008941158232575797,0.013908468361784573,5.22874750443029e-4,1,mf,NAC,8842,PROM1
GO:0003407,neural retina development,1/2,60/18493,0.0064785900538757435,0.014662072227192471,5.383869850866268e-4,1,bp,NAC,8842,PROM1
GO:0032835,glomerulus development,1/2,60/18493,0.0064785900538757435,0.014662072227192471,5.383869850866268e-4,1,bp,NAC,8842,PROM1
GO:0005496,steroid binding,1/2,89/17632,0.010070087478940337,0.014840128916333128,5.578995833207943e-4,1,mf,NAC,8842,PROM1
GO:0046530,photoreceptor cell differentiation,1/2,62/18493,0.006694180453474807,0.014953234259709958,5.490783693895946e-4,1,bp,NAC,8842,PROM1
GO:0032481,positive regulation of type I interferon production,1/2,65/18493,0.007017522189704528,0.015474536110630498,5.682204202189902e-4,1,bp,NAC,6772,STAT1
GO:0030858,positive regulation of epithelial cell differentiation,1/2,66/18493,0.007125291071602979,0.01551329195336345,5.696435233793188e-4,1,bp,NAC,8842,PROM1
GO:0050688,regulation of defense response to virus,1/2,68/18493,0.0073408112901315326,0.015782744273782793,5.795377334314369e-4,1,bp,NAC,6772,STAT1
GO:0001895,retina homeostasis,1/2,73/18493,0.007879509489059688,0.016731797927386004,6.143867047999757e-4,1,bp,NAC,8842,PROM1
GO:0001937,negative regulation of endothelial cell proliferation,1/2,75/18493,0.008094947829673127,0.016979646667119243,6.234876377155168e-4,1,bp,NAC,6772,STAT1
GO:0072088,nephron epithelium morphogenesis,1/2,76/18493,0.008202658227346338,0.016998279700043015,6.241718372108819e-4,1,bp,NAC,6772,STAT1
GO:0072028,nephron morphogenesis,1/2,78/18493,0.008418061477424632,0.017236983025202816,6.32936953189822e-4,1,bp,NAC,6772,STAT1
GO:0031528,microvillus membrane,1/2,23/19659,0.0023385858814447547,0.01753939411083566,NA,1,cc,NAC,8842,PROM1
GO:0042622,photoreceptor outer segment membrane,1/2,14/19659,0.0014238130974503216,0.01753939411083566,NA,1,cc,NAC,8842,PROM1
GO:0001656,metanephros development,1/2,89/18493,0.009602361190644726,0.018762548107320143,6.889552548587568e-4,1,bp,NAC,6772,STAT1
GO:0045639,positive regulation of myeloid cell differentiation,1/2,91/18493,0.009817612381737284,0.018762548107320143,6.889552548587568e-4,1,bp,NAC,6772,STAT1
GO:0048525,negative regulation of viral process,1/2,91/18493,0.009817612381737284,0.018762548107320143,6.889552548587568e-4,1,bp,NAC,6772,STAT1
GO:0060333,interferon-gamma-mediated signaling pathway,1/2,90/18493,0.009709989710402267,0.018762548107320143,6.889552548587568e-4,1,bp,NAC,6772,STAT1
GO:0060337,type I interferon signaling pathway,1/2,89/18493,0.009602361190644726,0.018762548107320143,6.889552548587568e-4,1,bp,NAC,6772,STAT1
GO:0071357,cellular response to type I interferon,1/2,89/18493,0.009602361190644726,0.018762548107320143,6.889552548587568e-4,1,bp,NAC,6772,STAT1
GO:0034340,response to type I interferon,1/2,94/18493,0.010140445305207524,0.018958223831474937,6.9614040996848e-4,1,bp,NAC,6772,STAT1
GO:0060993,kidney morphogenesis,1/2,94/18493,0.010140445305207524,0.018958223831474937,6.9614040996848e-4,1,bp,NAC,6772,STAT1
GO:0048661,positive regulation of smooth muscle cell proliferation,1/2,98/18493,0.010570807325252285,0.019342328297270138,7.102446131188545e-4,1,bp,NAC,6772,STAT1
GO:0051591,response to cAMP,1/2,98/18493,0.010570807325252285,0.019342328297270138,7.102446131188545e-4,1,bp,NAC,6772,STAT1
GO:0019903,protein phosphatase binding,1/2,133/17632,0.015029733091596165,0.021041626328234628,7.910385837682192e-4,1,mf,NAC,6772,STAT1
GO:0048593,camera-type eye morphogenesis,1/2,108/18493,0.01164630298578706,0.021085938037424996,7.742694505786411e-4,1,bp,NAC,8842,PROM1
R-HSA-913531,Interferon Signaling,1/1,197/10554,0.01866590866022355,0.021332467040255487,NA,1,re,NAC,6772,STAT1
GO:0030218,erythrocyte differentiation,1/2,111/18493,0.011968837639708019,0.0214441674378102,7.874235289281592e-4,1,bp,NAC,6772,STAT1
GO:0032479,regulation of type I interferon production,1/2,113/18493,0.012183831500209408,0.021572520215777286,7.921366052305001e-4,1,bp,NAC,6772,STAT1
GO:0032606,type I interferon production,1/2,114/18493,0.012291319657826594,0.021572520215777286,7.921366052305001e-4,1,bp,NAC,6772,STAT1
GO:0033209,tumor necrosis factor-mediated signaling pathway,1/2,119/18493,0.012828672719573664,0.02225013635304705,8.170184707361218e-4,1,bp,NAC,6772,STAT1
GO:0034101,erythrocyte homeostasis,1/2,120/18493,0.012936125786655261,0.02225013635304705,8.170184707361218e-4,1,bp,NAC,6772,STAT1
GO:0035257,nuclear hormone receptor binding,1/2,152/17632,0.01716754775581386,0.02289006367441848,8.605287095646045e-4,1,mf,NAC,6772,STAT1
GO:0001750,photoreceptor outer segment,1/2,84/19659,0.00852766342298561,0.023389730529704694,NA,1,cc,NAC,8842,PROM1
GO:0005793,endoplasmic reticulum-Golgi intermediate compartment,1/2,123/19659,0.012474522949175837,0.023389730529704694,NA,1,cc,NAC,8842,PROM1
GO:0005902,microvillus,1/2,83/19659,0.008426358392171762,0.023389730529704694,NA,1,cc,NAC,8842,PROM1
GO:0060170,ciliary membrane,1/2,89/19659,0.009034110948679674,0.023389730529704694,NA,1,cc,NAC,8842,PROM1
GO:0097731,9+0 non-motile cilium,1/2,109/19659,0.011058607245187924,0.023389730529704694,NA,1,cc,NAC,8842,PROM1
GO:0097733,photoreceptor cell cilium,1/2,108/19659,0.01095743159500051,0.023389730529704694,NA,1,cc,NAC,8842,PROM1
GO:0002831,regulation of response to biotic stimulus,1/2,130/18493,0.014010334794234303,0.02385918400602277,8.761022278833331e-4,1,bp,NAC,6772,STAT1
GO:0097730,non-motile cilium,1/2,142/19659,0.014394500400099375,0.023990834000165627,NA,1,cc,NAC,8842,PROM1
GO:1905330,regulation of morphogenesis of an epithelium,1/2,134/18493,0.014439854641434824,0.024349558807125388,8.94108646528472e-4,1,bp,NAC,6772,STAT1
R-HSA-157118,Signaling by NOTCH,1/1,235/10554,0.022266439264733706,0.02456986401625788,NA,1,re,NAC,6772,STAT1
GO:0046683,response to organophosphorus,1/2,137/18493,0.014761933118399129,0.02465099511033641,9.051772990331607e-4,1,bp,NAC,6772,STAT1
GO:0042542,response to hydrogen peroxide,1/2,141/18493,0.01519128920976931,0.02488477851505068,9.137617569786051e-4,1,bp,NAC,6772,STAT1
GO:0060041,retina development in camera-type eye,1/2,141/18493,0.01519128920976931,0.02488477851505068,9.137617569786051e-4,1,bp,NAC,8842,PROM1
GO:0002262,myeloid cell homeostasis,1/2,146/18493,0.01572785273447508,0.02521893923882949,9.260320405934941e-4,1,bp,NAC,6772,STAT1
GO:0007259,JAK-STAT cascade,1/2,147/18493,0.01583514789414875,0.02521893923882949,9.260320405934941e-4,1,bp,NAC,6772,STAT1
GO:0048592,eye morphogenesis,1/2,145/18493,0.015620551726379106,0.02521893923882949,9.260320405934941e-4,1,bp,NAC,8842,PROM1
GO:0019902,phosphatase binding,1/2,178/17632,0.020089214715336423,0.025413133908404797,9.553809740001801e-4,1,mf,NAC,6772,STAT1
GO:0051427,hormone receptor binding,1/2,185/17632,0.020875074281903938,0.025413133908404797,9.553809740001801e-4,1,mf,NAC,6772,STAT1
GO:0014074,response to purine-containing compound,1/2,151/18493,0.016264270048617524,0.02543140407602013,9.338336870019631e-4,1,bp,NAC,6772,STAT1
GO:0097696,STAT cascade,1/2,151/18493,0.016264270048617524,0.02543140407602013,9.338336870019631e-4,1,bp,NAC,6772,STAT1
GO:0042393,histone binding,1/2,195/17632,0.02199718395282335,0.02566338127829391,9.647887698606733e-4,1,mf,NAC,6772,STAT1
GO:0001959,regulation of cytokine-mediated signaling pathway,1/2,155/18493,0.016693298628326247,0.025867093370019047,9.498320698905405e-4,1,bp,NAC,6772,STAT1
GO:0050680,negative regulation of epithelial cell proliferation,1/2,162/18493,0.017443873478549032,0.0267888056992003,9.836770758580283e-4,1,bp,NAC,6772,STAT1
GO:0060759,regulation of response to cytokine stimulus,1/2,165/18493,0.017765460688020984,0.027041232197695657,9.929461027305627e-4,1,bp,NAC,6772,STAT1
GO:0043901,negative regulation of multi-organism process,1/2,169/18493,0.018194161756068028,0.02713644356162094,9.964422360448325e-4,1,bp,NAC,6772,STAT1
GO:0048659,smooth muscle cell proliferation,1/2,170/18493,0.018301322402023423,0.02713644356162094,9.964422360448325e-4,1,bp,NAC,6772,STAT1
GO:0048660,regulation of smooth muscle cell proliferation,1/2,168/18493,0.018086995261689887,0.02713644356162094,9.964422360448325e-4,1,bp,NAC,6772,STAT1
GO:0001936,regulation of endothelial cell proliferation,1/2,175/18493,0.01883703790546265,0.02746036907125352,0.0010083366856029443,1,bp,NAC,6772,STAT1
GO:0016525,negative regulation of angiogenesis,1/2,178/18493,0.019158397026455942,0.02746036907125352,0.0010083366856029443,1,bp,NAC,6772,STAT1
GO:0050792,regulation of viral process,1/2,177/18493,0.01905128316788074,0.02746036907125352,0.0010083366856029443,1,bp,NAC,6772,STAT1
GO:0071346,cellular response to interferon-gamma,1/2,178/18493,0.019158397026455942,0.02746036907125352,0.0010083366856029443,1,bp,NAC,6772,STAT1
GO:2000181,negative regulation of blood vessel morphogenesis,1/2,180/18493,0.019372607198338887,0.027537920976151143,0.00101118436876932,1,bp,NAC,6772,STAT1
GO:1903708,positive regulation of hemopoiesis,1/2,183/18493,0.01969387859299443,0.02776514031143477,0.0010195277960135165,1,bp,NAC,6772,STAT1
GO:0001935,endothelial cell proliferation,1/2,190/18493,0.020443307152401946,0.028356845404944635,0.001041255033229301,1,bp,NAC,6772,STAT1
GO:0007219,Notch signaling pathway,1/2,189/18493,0.020336263474897143,0.028356845404944635,0.001041255033229301,1,bp,NAC,6772,STAT1
GO:1901343,negative regulation of vasculature development,1/2,192/18493,0.020657376962144536,0.02842455069991088,0.0010437411517715135,1,bp,NAC,6772,STAT1
GO:0034341,response to interferon-gamma,1/2,198/18493,0.021299446029230396,0.02907543426212403,0.0010676414049739546,1,bp,NAC,6772,STAT1
GO:0009612,response to mechanical stimulus,1/2,204/18493,0.021941304553105834,0.029255072737474443,0.0010742376770186456,1,bp,NAC,6772,STAT1
GO:0032869,cellular response to insulin stimulus,1/2,204/18493,0.021941304553105834,0.029255072737474443,0.0010742376770186456,1,bp,NAC,6772,STAT1
GO:0043903,"regulation of symbiosis, encompassing mutualism through parasitism",1/2,203/18493,0.021834342753516145,0.029255072737474443,0.0010742376770186456,1,bp,NAC,6772,STAT1
GO:2000027,regulation of animal organ morphogenesis,1/2,208/18493,0.022369093267238682,0.02959603109203887,0.0010867575676391263,1,bp,NAC,6772,STAT1
GO:0048762,mesenchymal cell differentiation,1/2,210/18493,0.022582952533769962,0.029650899509988043,0.0010887723198282023,1,bp,NAC,6772,STAT1
GO:0098858,actin-based cell projection,1/2,198/19659,0.02004251333542928,0.03006377000314392,NA,1,cc,NAC,8842,PROM1
GO:0007584,response to nutrient,1/2,216/18493,0.023224389971223225,0.030262083901896927,0.0011112148311590061,1,bp,NAC,6772,STAT1
GO:0001894,tissue homeostasis,1/2,221/18493,0.023758760337481588,0.03072561487253258,0.0011282355522349785,1,bp,NAC,8842,PROM1
GO:0000302,response to reactive oxygen species,1/2,224/18493,0.02407931237616623,0.03090777409478053,0.0011349243853652582,1,bp,NAC,6772,STAT1
GO:0043122,regulation of I-kappaB kinase/NF-kappaB signaling,1/2,226/18493,0.02429298449317674,0.030951061724639996,0.0011365138944176253,1,bp,NAC,6772,STAT1
GO:0051607,defense response to virus,1/2,228/18493,0.024506633216497153,0.03099368318556993,0.0011380789419425923,1,bp,NAC,6772,STAT1
GO:0033002,muscle cell proliferation,1/2,236/18493,0.025360994172877294,0.03160935505604996,0.001160686232168297,1,bp,NAC,6772,STAT1
GO:0071356,cellular response to tumor necrosis factor,1/2,235/18493,0.025254219522808707,0.03160935505604996,0.001160686232168297,1,bp,NAC,6772,STAT1
GO:0045637,regulation of myeloid cell differentiation,1/2,248/18493,0.026641833796744674,0.032731395807429176,0.0012018872389508875,1,bp,NAC,6772,STAT1
GO:0048872,homeostasis of number of cells,1/2,248/18493,0.026641833796744674,0.032731395807429176,0.0012018872389508875,1,bp,NAC,6772,STAT1
GO:0090596,sensory organ morphogenesis,1/2,251/18493,0.026961912113204867,0.03288970839341303,0.0012077004306026815,1,bp,NAC,8842,PROM1
GO:0007249,I-kappaB kinase/NF-kappaB signaling,1/2,258/18493,0.027708556823489605,0.033223707479809184,0.0012199647789403617,1,bp,NAC,6772,STAT1
GO:0032868,response to insulin,1/2,259/18493,0.02781519695984025,0.033223707479809184,0.0012199647789403617,1,bp,NAC,6772,STAT1
GO:0034612,response to tumor necrosis factor,1/2,257/18493,0.027601910838716548,0.033223707479809184,0.0012199647789403617,1,bp,NAC,6772,STAT1
GO:0001664,G protein-coupled receptor binding,1/2,274/17632,0.03083923316679138,0.034053136255243914,0.0012801930923024027,1,mf,NAC,6772,STAT1
GO:0005126,cytokine receptor binding,1/2,281/17632,0.03162076937986935,0.034053136255243914,0.0012801930923024027,1,mf,NAC,6772,STAT1
GO:0060485,mesenchyme development,1/2,269/18493,0.02888127666010709,0.034259169555437376,0.0012579866421825233,1,bp,NAC,6772,STAT1
GO:0044389,ubiquitin-like protein ligase binding,1/2,301/17632,0.03385199292699348,0.03510577044280805,0.0013197658061206035,1,mf,NAC,6772,STAT1
GO:0043010,camera-type eye development,1/2,302/18493,0.03239519021520543,0.038164196691885845,0.0014013780915013163,1,bp,NAC,8842,PROM1
R-HSA-5663202,Diseases of signal transduction,1/1,378/10554,0.03581580443433774,0.038203524729960255,NA,1,re,NAC,6772,STAT1
GO:0071375,cellular response to peptide hormone stimulus,1/2,307/18493,0.03292704575977712,0.03852688347402493,0.0014146958435994463,1,bp,NAC,6772,STAT1
GO:0009615,response to virus,1/2,315/18493,0.03377771051312073,0.03925517708281598,0.0014414385709724353,1,bp,NAC,6772,STAT1
GO:0046677,response to antibiotic,1/2,323/18493,0.03462800096742291,0.0399732628617231,0.0014678064698307133,1,bp,NAC,6772,STAT1
GO:0000790,nuclear chromatin,1/2,369/19659,0.03718868090711602,0.040272803058790226,NA,1,cc,NAC,6772,STAT1
GO:0016324,apical plasma membrane,1/2,308/19659,0.03108957465347828,0.040272803058790226,NA,1,cc,NAC,8842,PROM1
GO:0031253,cell projection membrane,1/2,334/19659,0.033691548439814145,0.040272803058790226,NA,1,cc,NAC,8842,PROM1
GO:0045177,apical part of cell,1/2,373/19659,0.037587949521537545,0.040272803058790226,NA,1,cc,NAC,8842,PROM1
GO:0001654,eye development,1/2,351/18493,0.037601069952525545,0.042951209165032804,0.0015771557832937383,1,bp,NAC,8842,PROM1
GO:0150063,visual system development,1/2,352/18493,0.03770716618558112,0.042951209165032804,0.0015771557832937383,1,bp,NAC,8842,PROM1
GO:0048880,sensory system development,1/2,357/18493,0.038237559624521245,0.04298601474129186,0.0015784338338295663,1,bp,NAC,8842,PROM1
GO:1901653,cellular response to peptide,1/2,356/18493,0.03813149263357862,0.04298601474129186,0.0015784338338295663,1,bp,NAC,6772,STAT1
GO:0045088,regulation of innate immune response,1/2,365/18493,0.03908588500885435,0.043654365074824335,0.0016029754617438558,1,bp,NAC,6772,STAT1
GO:0050678,regulation of epithelial cell proliferation,1/2,368/18493,0.03940391052900749,0.043725629748317986,0.0016055922796199998,1,bp,NAC,6772,STAT1
R-HSA-449147,Signaling by Interleukins,1/1,462/10554,0.04377487208641262,0.04377487208641262,NA,1,re,NAC,6772,STAT1
R-HSA-9006934,Signaling by Receptor Tyrosine Kinases,1/1,455/10554,0.04311161644873973,0.04377487208641262,NA,1,re,NAC,6772,STAT1
GO:0043900,regulation of multi-organism process,1/2,371/18493,0.039721883413357806,0.04379592273780476,0.0016081734175448505,1,bp,NAC,6772,STAT1
GO:0044441,ciliary part,1/2,441/19659,0.04436284701572535,0.04436284701572535,NA,1,cc,NAC,8842,PROM1
GO:0045765,regulation of angiogenesis,1/2,381/18493,0.040781412880395274,0.044677726212917115,0.0016405529821144596,1,bp,NAC,6772,STAT1
GO:0030099,myeloid cell differentiation,1/2,405/18493,0.04332189744489312,0.04716054658557985,0.0017317214168511574,1,bp,NAC,6772,STAT1
GO:0001819,positive regulation of cytokine production,1/2,422/18493,0.04511936916949566,0.047610622681921795,0.0017482480788955374,1,bp,NAC,6772,STAT1
GO:0043434,response to peptide hormone,1/2,417/18493,0.04459087646787663,0.047610622681921795,0.0017482480788955374,1,bp,NAC,6772,STAT1
GO:0050673,epithelial cell proliferation,1/2,420/18493,0.0449079896341158,0.047610622681921795,0.0017482480788955374,1,bp,NAC,6772,STAT1
GO:1901342,regulation of vasculature development,1/2,421/18493,0.04501368232601666,0.047610622681921795,0.0017482480788955374,1,bp,NAC,6772,STAT1
GO:1903706,regulation of hemopoiesis,1/2,418/18493,0.044696586705045394,0.047610622681921795,0.0017482480788955374,1,bp,NAC,6772,STAT1
GO:0060249,anatomical structure homeostasis,1/2,425/18493,0.045436394609396746,0.047652804102538054,0.0017497969682694512,1,bp,NAC,8842,PROM1
GO:0002697,regulation of immune effector process,1/2,439/18493,0.04691515069998775,0.04882966852526273,0.0017930110841589742,1,bp,NAC,6772,STAT1
GO:0006979,response to oxidative stress,1/2,441/18493,0.0471263079953117,0.04882966852526273,0.0017930110841589742,1,bp,NAC,6772,STAT1
GO:0000982,"transcription factor activity, RNA polymerase II proximal promoter sequence-specific DNA binding",1/2,447/17632,0.050061962919832226,0.050061962919832226,0.0018820286811967002,1,mf,NAC,6772,STAT1
GO:0048871,multicellular organismal homeostasis,1/2,471/18493,0.05029086018235929,0.05179657455907662,0.0019019550021692764,1,bp,NAC,8842,PROM1
GO:0002009,morphogenesis of an epithelium,1/2,479/18493,0.051133851805347685,0.051948594653068066,0.0019075371353635762,1,bp,NAC,6772,STAT1
GO:0031667,response to nutrient levels,1/2,481/18493,0.0513445412268696,0.051948594653068066,0.0019075371353635762,1,bp,NAC,6772,STAT1
GO:1901652,response to peptide,1/2,481/18493,0.0513445412268696,0.051948594653068066,0.0019075371353635762,1,bp,NAC,6772,STAT1
GO:0008015,blood circulation,1/2,492/18493,0.05250291488302927,0.052809949472988504,0.0019391658313214874,1,bp,NAC,6772,STAT1
GO:0003013,circulatory system process,1/2,500/18493,0.05334492397103363,0.05334492397103363,0.001958809937736853,1,bp,NAC,6772,STAT1
hsa04062,Chemokine signaling pathway,1/2,190/7852,0.047812794240253975,0.05378939352028572,0.0062911571368755225,1,kg,NAC,6772,STAT1
hsa04217,Necroptosis,1/2,162/7852,0.040840279601360496,0.05378939352028572,0.0062911571368755225,1,kg,NAC,6772,STAT1
hsa04380,Osteoclast differentiation,1/2,128/7852,0.032339459467736864,0.05378939352028572,0.0062911571368755225,1,kg,NAC,6772,STAT1
hsa04620,Toll-like receptor signaling pathway,1/2,104/7852,0.026316300028426776,0.05378939352028572,0.0062911571368755225,1,kg,NAC,6772,STAT1
hsa04621,NOD-like receptor signaling pathway,1/2,178/7852,0.04482768823541183,0.05378939352028572,0.0062911571368755225,1,kg,NAC,6772,STAT1
hsa04625,C-type lectin receptor signaling pathway,1/2,104/7852,0.026316300028426776,0.05378939352028572,0.0062911571368755225,1,kg,NAC,6772,STAT1
hsa04630,JAK-STAT signaling pathway,1/2,162/7852,0.040840279601360496,0.05378939352028572,0.0062911571368755225,1,kg,NAC,6772,STAT1
hsa04658,Th1 and Th2 cell differentiation,1/2,92/7852,0.023297712560732986,0.05378939352028572,0.0062911571368755225,1,kg,NAC,6772,STAT1
hsa04659,Th17 cell differentiation,1/2,107/7852,0.027070216921596058,0.05378939352028572,0.0062911571368755225,1,kg,NAC,6772,STAT1
hsa04917,Prolactin signaling pathway,1/2,70/7852,0.01775150175067175,0.05378939352028572,0.0062911571368755225,1,kg,NAC,6772,STAT1
hsa04919,Thyroid hormone signaling pathway,1/2,116/7852,0.029330215664094772,0.05378939352028572,0.0062911571368755225,1,kg,NAC,6772,STAT1
hsa04933,AGE-RAGE signaling pathway in diabetic complications,1/2,100/7852,0.025310623298309687,0.05378939352028572,0.0062911571368755225,1,kg,NAC,6772,STAT1
hsa05140,Leishmaniasis,1/2,74/7852,0.01876107167414398,0.05378939352028572,0.0062911571368755225,1,kg,NAC,6772,STAT1
hsa05145,Toxoplasmosis,1/2,113/7852,0.028577174739430444,0.05378939352028572,0.0062911571368755225,1,kg,NAC,6772,STAT1
hsa05152,Tuberculosis,1/2,179/7852,0.045076625507177726,0.05378939352028572,0.0062911571368755225,1,kg,NAC,6772,STAT1
hsa05160,Hepatitis C,1/2,155/7852,0.03909317664008727,0.05378939352028572,0.0062911571368755225,1,kg,NAC,6772,STAT1
hsa05161,Hepatitis B,1/2,163/7852,0.041089735965573526,0.05378939352028572,0.0062911571368755225,1,kg,NAC,6772,STAT1
hsa05162,Measles,1/2,138/7852,0.03484359387686331,0.05378939352028572,0.0062911571368755225,1,kg,NAC,6772,STAT1
hsa05164,Influenza A,1/2,167/7852,0.04208723698964534,0.05378939352028572,0.0062911571368755225,1,kg,NAC,6772,STAT1
hsa05167,Kaposi sarcoma-associated herpesvirus infection,1/2,186/7852,0.046818277997754065,0.05378939352028572,0.0062911571368755225,1,kg,NAC,6772,STAT1
hsa05202,Transcriptional misregulation in cancer,1/2,186/7852,0.046818277997754065,0.05378939352028572,0.0062911571368755225,1,kg,NAC,8842,PROM1
hsa05212,Pancreatic cancer,1/2,75/7852,0.01901338304681721,0.05378939352028572,0.0062911571368755225,1,kg,NAC,6772,STAT1
hsa05235,PD-L1 expression and PD-1 checkpoint pathway in cancer,1/2,89/7852,0.022542335720055595,0.05378939352028572,0.0062911571368755225,1,kg,NAC,6772,STAT1
hsa05321,Inflammatory bowel disease (IBD),1/2,65/7852,0.01648880937257735,0.05378939352028572,0.0062911571368755225,1,kg,NAC,6772,STAT1
hsa05169,Epstein-Barr virus infection,1/2,201/7852,0.050545037336697574,0.054588640323633385,0.006384636295161799,1,kg,NAC,6772,STAT1
hsa05165,Human papillomavirus infection,1/2,330/7852,0.08229383448594563,0.08545898196617431,0.009995202569143194,1,kg,NAC,6772,STAT1
hsa05168,Herpes simplex virus 1 infection,1/2,492/7852,0.12139969644771387,0.12139969644771387,0.014198794906165364,1,kg,NAC,6772,STAT1
