type,gene.name,id,baseMean,log2FoldChange,lfcSE,stat,pvalue,padj
Endogenous,FOS,NM_005252.2,7367.7037037037035,3.875059339020087,0.378559215579596,10.236336032890252,1.3630073222753354e-24,8.49153561777534e-22
Endogenous,KLF4,NM_004235.4,852.0185185185185,1.7604225211346038,0.22684613734297446,7.760425377986384,8.46449965388155e-15,2.6366916421841028e-12
Endogenous,NR4A1,NM_173157.1,1095.351851851852,2.589453206929812,0.34156280512285153,7.581192003615414,3.4239444262206775e-14,7.110391258451606e-12
Endogenous,PLA2G2A,NM_000300.2,904.1296296296297,3.071815051738763,0.4782159892687472,6.423488801442957,1.331859469841245e-10,2.0743711242777388e-8
Endogenous,NR4A3,NM_173198.1,190.59259259259258,1.71028687889355,0.2713235279022504,6.3034963908832635,2.910049913418223e-10,3.6259221921191054e-8
Endogenous,JUN,NM_002228.3,1590.0925925925926,1.4151788522988056,0.24028426879732295,5.889602591888747,3.871254227344254e-9,4.019652306059117e-7
Endogenous,IGF1,NM_000618.3,830.7037037037037,2.05694083747428,0.3533165195258588,5.821807710080013,5.821450480781441e-9,5.062357083645151e-7
Endogenous,TSPAN7,NM_004615.3,178.75925925925927,1.6004140792582637,0.2757745810636526,5.803341530192973,6.500619048019456e-9,5.062357083645151e-7
Endogenous,SPRY1,NM_005841.1,404.72222222222223,1.1798667010276969,0.22832276181027103,5.1675386705777875,2.3719690075675965e-7,1.641929657460681e-5
Endogenous,LIFR,NM_002310.3,556.7037037037037,1.2494116535959228,0.25448717023734346,4.909527079226346,9.129629303401315e-7,5.6877590560190185e-5
Endogenous,PDGFD,NM_025208.4,502.9074074074074,1.4008199787976479,0.2874605915690331,4.873085285018082,1.098687642739715e-6,6.112115246743856e-5
Endogenous,STAT1,NM_007315.2,4969.62962962963,-1.172296284562886,0.2412419510787877,-4.859421337460595,1.1772934664675164e-6,6.112115246743856e-5
Endogenous,GADD45B,NM_015675.2,1992.5185185185185,1.101141895091455,0.22945830092109373,4.798875833522869,1.595586693880092e-6,7.646542386825363e-5
Endogenous,NGFR,NM_002507.1,588.8148148148148,1.6553210645117744,0.34620406690915445,4.78134494285458,1.741262834704813e-6,7.748619614436417e-5
Endogenous,IL11RA,NM_147162.1,395.68518518518516,1.0664783343091127,0.22804912376241424,4.676528971977938,2.917713945688203e-6,1.2118238587758335e-4
Endogenous,GADD45A,NM_001924.2,974.074074074074,0.9526820687035317,0.20657561310063252,4.61178381322018,3.99228088243162e-6,1.4775156349824376e-4
Endogenous,SFRP4,NM_003014.2,2910.9444444444443,1.8881758596347473,0.40960578823218596,4.609739202621889,4.031744108298786e-6,1.4775156349824376e-4
Endogenous,ZBTB16,NM_006006.4,335.24074074074076,2.0159623598467613,0.4668778110087396,4.317965669627902,1.5747391625142614e-5,5.450347212479917e-4
Endogenous,LEPR,NM_001003679.1,330.98148148148147,1.1574477874699471,0.26972811282517817,4.291164815364042,1.777383308108751e-5,5.827946320798694e-4
Endogenous,GNG12,NM_018841.3,2489.425925925926,0.7951948010430397,0.188889857895719,4.209833232454679,2.5555925482177895e-5,7.960670787698414e-4
Endogenous,SOCS3,NM_003955.3,1303.0185185185185,1.1073976006609327,0.26469970828172434,4.183599626344548,2.8692926009565755e-5,8.512234716171174e-4
Endogenous,IL1R1,NM_000877.2,745.2777777777778,0.8878799483777059,0.2173298568679148,4.08540253591262,4.4000467679499896e-5,0.0012460132438331106
Endogenous,FLNC,NM_001127487.1,356.94444444444446,1.296917178261841,0.32174783649158956,4.030849725063318,5.557556926461095e-5,0.0015053730283414184
Endogenous,ITGA7,NM_002206.1,221.38888888888889,1.2186068318391396,0.3066635597955357,3.973758188457837,7.074739005682894e-5,0.0018364843335585178
Endogenous,SMAD3,NM_005902.3,1021.7777777777778,0.6214846602248535,0.15966231268864745,3.8924944137367694,9.921878494794616e-5,0.0024725321209028185
Endogenous,DUSP2,NM_004418.3,188.2962962962963,0.8047192313744798,0.20799658917602284,3.8689059015937226,1.0932482048271658e-4,0.002619590890797401
Endogenous,TLR2,NM_003264.3,743.8333333333334,-0.7001130138462153,0.18149443647069452,-3.8574902209702766,1.1455726099061782e-4,0.002643302725820552
Endogenous,EPHA2,NM_004431.2,311.05555555555554,0.69678421115535,0.18399532594504922,3.7869669111238555,1.5249739851796315e-4,0.00339306711702468
Endogenous,ETS2,NM_005239.4,1731.8148148148148,0.6482736292528103,0.17237435783362517,3.76084724781699,1.6933881991636256e-4,0.0036378649933756506
Endogenous,SOCS2,NM_003877.3,403.2962962962963,1.124387380105726,0.3010973701175409,3.7342982426807425,1.882393224882633e-4,0.0038614362337140353
Endogenous,ZAK,NM_016653.2,254.61111111111111,0.4883910262642742,0.13096648280255022,3.729129895017415,1.9214209188625215e-4,0.0038614362337140353
Endogenous,ETV7,NM_016135.2,268.537037037037,-0.9586954565656391,0.26402110609128465,-3.631131884714446,2.821809310481492e-4,0.005493710001343655
Endogenous,HSPA1A,NM_005345.5,4096.666666666667,1.1767396130670906,0.3253553234600591,3.6167830314033522,2.982871297571042e-4,0.005631299449656846
Endogenous,CACNA2D1,NM_000722.2,578.5370370370371,0.7709326473153159,0.22216939212804082,3.470021860036469,5.204160077510024e-4,0.009535858024378662
Endogenous,RUNX1T1,NM_004349.2,412.7037037037037,1.060514449497349,0.30828822016731594,3.4400096407244516,5.81693465665988e-4,0.010354143688854586
Endogenous,HGF,NM_000601.4,328.462962962963,1.0117480936271082,0.29798130461717004,3.395340841691214,6.854321254293707e-4,0.011319365392236387
Endogenous,MGMT,NM_002412.3,829.1111111111111,0.4940437409725282,0.14554527827086247,3.3944333120384957,6.87707867347271e-4,0.011319365392236387
Housekeeping,ZC3H14,NM_001160103.1,1024.4074074074074,0.37700497633893737,0.11110102872434563,3.393352704900059,6.904267815489289e-4,0.011319365392236387
Endogenous,BMP8A,NM_181809.3,233.2962962962963,-0.8980274352237603,0.2660176678559329,-3.375818765955443,7.359638153649355e-4,0.011756550178778328
Endogenous,SMAD9,NM_005905.2,170.53703703703704,0.7763461147923799,0.23186759072424654,3.348230394629261,8.132936899060057e-4,0.012667049220286037
Endogenous,SOX17,NM_022454.3,145.66666666666666,0.8446718327212884,0.25411926064891155,3.3239189763277253,8.876198024121992e-4,0.013487491143970734
Endogenous,SFN,NM_006142.3,2129.4444444444443,1.2888360208672083,0.39680125430442775,3.2480643820707464,0.0011619297620538507,0.017235291470465455
Endogenous,COL1A1,NM_000088.3,83589.05555555556,1.383347197547878,0.4317709545875954,3.2038912827500807,0.0013558366418193822,0.019643865764034305
Endogenous,WNT2,NM_003391.2,222.55555555555554,-0.8129294068689729,0.25747394228524634,-3.1573269110407955,0.0015922273243947384,0.02210412650722008
Endogenous,WNT5A,NM_003392.3,499.3703703703704,-0.7260934132012531,0.23034236998208593,-3.1522355754945233,0.0016202549718410451,0.02210412650722008
Endogenous,COL1A2,NM_000089.3,19309.64814814815,1.2748200698826708,0.40469056906744194,3.1501106458209094,0.0016320863873709852,0.02210412650722008
Endogenous,ITGA8,NM_003638.1,99.72222222222223,0.994471572567072,0.3227558345009947,3.081188521671812,0.0020617606427843407,0.027329295328822216
Endogenous,IGFBP3,NM_000598.4,4924.888888888889,0.6981637384102081,0.22840500621158275,3.056691926285822,0.0022379415756627954,0.02904661670079003
Endogenous,COL3A1,NM_000090.3,87970,1.1509117454377686,0.38023370055112027,3.026853600219045,0.002471136091247714,0.031418730303006646
Endogenous,LIG4,NM_002312.3,383.9074074074074,-0.39354920284635986,0.13292237131762102,-2.9607446733399385,0.0030689624557898127,0.03823927219914107
Endogenous,CDKN1A,NM_000389.2,1359.351851851852,0.6080198652332359,0.2097348442978115,2.8989930942036626,0.0037436313961659844,0.045731026662968785
Endogenous,APC,NM_000038.3,388.27777777777777,0.3632389794918008,0.12602936566310227,2.8821773209808876,0.003949374123858918,0.04731653998392511
Endogenous,SF3B1,NM_001005526.1,2706.1481481481483,-0.4171913553848184,0.1453887619124446,-2.8694883283761476,0.004111365058855092,0.04832793267295703
Endogenous,PROM1,NM_006017.1,1367.388888888889,-1.2766834089340537,0.44670867135512204,-2.857977672699178,0.00426350389770358,0.04918820237535797
Endogenous,HES1,NM_005524.2,1271.1296296296296,0.5758365799902253,0.20207903649065886,2.849561191454134,0.004377958340329237,0.04959032810954755
Endogenous,OSM,NM_020530.3,123.5,0.7050450663348115,0.24880420805202605,2.8337344928964523,0.004600753956368245,0.050575080183711194
Endogenous,ID1,NM_002165.2,1080.4444444444443,0.7230405956530059,0.25532010226755475,2.831898425668489,0.004627254527241634,0.050575080183711194
Housekeeping,SF3A3,NM_006802.2,1983.2777777777778,0.3780221649709202,0.1337900709811624,2.8254874386317175,0.004720873897319869,0.05070869720741859
Endogenous,PRKACB,NM_182948.2,423.18518518518516,0.5270558844956447,0.18809435311126269,2.8020824430804545,0.005077389655819758,0.053613792467384895
Endogenous,MAP3K14,NM_003954.1,613.6851851851852,0.467308446182887,0.16714396988225522,2.7958438854365077,0.005176439838788952,0.05374870032609195
Endogenous,EFNA3,NM_004952.4,396.6296296296296,-0.6670153491677945,0.2407008094421662,-2.771138787250568,0.005586061163648066,0.057051083687749915
Endogenous,DTX1,NM_004416.2,99.81481481481481,0.7270356586275348,0.26299880061962416,2.7644067460180106,0.005702640479143667,0.057302339008169424
Endogenous,GAS1,NM_002048.2,1084.5,0.7071725819082905,0.26227493270818286,2.6963025959294318,0.0070113941746716936,0.06918958649445944
Endogenous,ACVR1C,NM_145259.2,74.14814814814815,0.7631066437947621,0.28349802926558126,2.6917529048495887,0.00710775848418203,0.06918958649445944
Endogenous,FN1,NM_212482.1,31601.537037037036,-0.7893226693678315,0.2940927687912981,-2.6839240985485486,0.007276362348078685,0.0697411345054311
Endogenous,FBXW7,NM_018315.4,369.5925925925926,0.5734075446253935,0.21463860448899313,2.671502388820266,0.00755125350132156,0.07127925653520199
Endogenous,CDC14B,NM_003671.3,274.18518518518516,0.5114086490463237,0.19309295889944433,2.648510085303765,0.008084743693154626,0.07475335801679499
Endogenous,PIM1,NM_002648.2,1925.111111111111,0.7164731064787606,0.270836642291345,2.645406841619438,0.008159275032330753,0.07475335801679499
Endogenous,TGFBR2,NM_001024847.1,1858.3333333333333,0.6519399849289562,0.24802453778037978,2.6285301880341962,0.00857547437187538,0.07742783382142554
Endogenous,ITGB6,NM_001282353.1,1222.0555555555557,-1.1087168230826687,0.424390322762,-2.61249317813602,0.008988448615069719,0.0799971926741205
Endogenous,COL4A4,NM_000092.4,140.35185185185185,0.6367370583881594,0.24542357598611494,2.59444128718988,0.009474479418164709,0.08286858389212669
Endogenous,DDB2,NM_000107.1,330.3888888888889,0.4255722142558289,0.16426694987679194,2.590735474025837,0.0095771076087209,0.08286858389212669
Endogenous,NFKBIA,NM_020529.1,3387.8518518518517,0.3704969944739007,0.14384469955343376,2.575673595371325,0.010004503903598918,0.08520199809358661
Endogenous,SFRP2,NM_003013.2,8953.25925925926,1.1491310735358702,0.44683860974521916,2.5716915424812727,0.010120301539206114,0.08520199809358661
Endogenous,NOS3,NM_000603.4,212.46296296296296,0.48427367787292924,0.18947988695269957,2.555805186826082,0.010594241331889551,0.08800283133022921
Endogenous,SPP1,NM_000582.2,9582.907407407407,-0.8793317536781123,0.35024588882840346,-2.5106126345109643,0.012052186687864844,0.09879621455973418
Endogenous,FZD8,NM_031866.1,662.425925925926,0.8846629681664557,0.35373043589428693,2.500952359188111,0.012385983893908532,0.10021386968707813
Endogenous,MAP2K1,NM_002755.2,1134.648148148148,0.3250436509339859,0.13033871752964019,2.49383803289355,0.012637019334558684,0.10093414160807769
Endogenous,PPP3CC,NM_005605.3,320.55555555555554,0.3696560807732837,0.14933094560439458,2.4754151209393083,0.013308139078021395,0.10494899551401683
Endogenous,FGF2,NM_002006.4,478.01851851851853,0.7982798749650554,0.3235530809455286,2.467230021832025,0.013616285749847521,0.10603682527693757
Endogenous,LAMA3,NM_000227.3,194.16666666666666,0.7797678127666093,0.31811138201261296,2.4512414734525025,0.014236441216985044,0.10949756639730472
Endogenous,FGF7,NM_002009.3,435.94444444444446,0.6961455516583808,0.2855570049213365,2.437851426023153,0.014774845173592241,0.11225278711156056
Endogenous,SOCS1,NM_003745.1,335.14814814814815,-0.587111535582273,0.2422281122048821,-2.423796025317163,0.015359229613654293,0.11528674758200752
Endogenous,MYD88,NM_002468.3,1743.7037037037037,-0.3524367392385564,0.14620769888608057,-2.4105210732655165,0.015929751032622657,0.11814565349195137
Endogenous,FOSL1,NM_005438.2,236.7962962962963,0.6486583494993509,0.27194101554346245,2.3852906050344593,0.01706563450949391,0.12508106234605534
Endogenous,MYCN,NM_005378.4,88.51851851851852,-0.7148967316723442,0.30241629649044277,-2.363949099201197,0.018081296658131088,0.13028148458755626
Endogenous,DLL4,NM_019074.2,305.74074074074076,0.4378338540787731,0.18539254801659724,2.3616583231790744,0.01819340153951428,0.13028148458755626
Housekeeping,CNOT4,NM_001190848.1,891.074074074074,0.205699741377361,0.08762131852871428,2.34759924675125,0.018894838611032496,0.13376686880310504
Endogenous,CDKN2D,NM_001800.3,331.5925925925926,0.5400880222027131,0.23099820592494646,2.3380615448511013,0.019384055718810064,0.1340998185679972
Endogenous,JAG1,NM_000214.2,1326.0185185185185,0.704355832018452,0.3017113999137138,2.3345350298990692,0.019567724036613034,0.1340998185679972
Endogenous,COL11A1,NM_001854.3,3089.1666666666665,-0.9794895887227052,0.41963350441952374,-2.334154871827088,0.019587613948134422,0.1340998185679972
Endogenous,CCND2,NM_001759.2,1007.1851851851852,0.6401517316472949,0.27657708616948545,2.3145508563750368,0.020637524993383144,0.13975193555301846
Endogenous,BMP2,NM_001200.2,111.18518518518519,0.7746187112115254,0.340695602209265,2.273638714995013,0.022987717714066803,0.15399299070821096
Endogenous,GRB2,NM_002086.4,3028.185185185185,-0.3268476275737194,0.14553570572037897,-2.2458243216389735,0.024715262796867588,0.16380434811115432
Endogenous,INHBA,NM_002192.2,960,-0.675689035090522,0.3050070370171153,-2.2153227732008234,0.0267379178197852,0.1753444505444861
Endogenous,GATA3,NM_001002295.1,144.8148148148148,-0.9364565823326427,0.42427016591051514,-2.2072176117378834,0.02729885993439128,0.17715822644922674
Endogenous,B2M,NM_004048.2,83116.07407407407,-0.45590138205651104,0.209048741426292,-2.180837726866948,0.029195421035695585,0.18573616238945864
Endogenous,DNMT3A,NM_022552.3,1230.611111111111,-0.2725087729610022,0.12516309853089458,-2.177229360407194,0.029463458706500467,0.18573616238945864
Endogenous,CACNB3,NM_000725.2,423.3333333333333,-0.40196125694984086,0.1846791827387338,-2.1765379886833087,0.029515056302658757,0.18573616238945864
Endogenous,GRIA3,NM_000828.4,155.11111111111111,0.6000586366068779,0.27762040939783045,2.1614356016131113,0.030661706487341924,0.1900571809522652
Endogenous,GNG4,NM_004485.2,247.59259259259258,-1.0279614586405144,0.47601952645401857,-2.15949430960961,0.030811838324524537,0.1900571809522652
Endogenous,ATM,NM_138292.3,638.4814814814815,0.3576517221703099,0.16772041294557138,2.1324281039444792,0.032971669070396996,0.19737543644554115
Endogenous,CSF3R,NM_156038.2,313.3703703703704,-0.599746778745445,0.28163968657418254,-2.12948248182159,0.03321436273736594,0.19737543644554115
Endogenous,SETD2,NM_014159.6,949.4444444444445,0.2711402840591476,0.12738787515715075,2.128462255333627,0.03329877621328356,0.19737543644554115
Endogenous,HSPB1,NM_001540.3,6648.907407407408,0.6363906872505194,0.299054798841333,2.128006939584888,0.03333650821395112,0.19737543644554115
Endogenous,RPS6KA5,NM_004755.2,513.3518518518518,0.3490302564134536,0.1642455719286771,2.1250512407422373,0.033582337501167514,0.19737543644554115
Endogenous,FGF1,NM_033137.1,222,-0.5540453918386359,0.2649193345095945,-2.091373937897954,0.03649455655924462,0.21248699753653644
Endogenous,MED12,NM_005120.2,684.5185185185185,-0.2660160014827794,0.1279667350168563,-2.0787902531680493,0.037636633146967184,0.2171076152829681
Endogenous,PHF6,NM_032335.3,774.8888888888889,-0.36528600259808597,0.17653861266227783,-2.069156413372784,0.03853141135778599,0.2202299933568869
Endogenous,HHEX,NM_002729.4,417.0925925925926,0.5692242444272942,0.27673108189424983,2.0569581144658624,0.03969025506797796,0.22479117188500244
Endogenous,CREB5,NM_182898.2,380.27777777777777,0.5347438793440961,0.2609243132169984,2.0494214308782137,0.04042092341431202,0.22655250352676176
Endogenous,GHR,NM_000163.2,203.37037037037038,0.5237890184415964,0.25614958661187487,2.044855997504522,0.040869057140298634,0.22655250352676176
Endogenous,GZMB,NM_004131.3,290,-0.616951171881202,0.3020422931999708,-2.042598622017288,0.04109218763808038,0.22655250352676176
Endogenous,WNT7B,NM_058238.1,151.66666666666666,-0.7087783899988795,0.3476574095881917,-2.038726546454005,0.04147732678758855,0.2266699525321725
Endogenous,WNT10B,NM_003394.2,64.07407407407408,0.5039504793984722,0.2488712675850083,2.024944399121265,0.04287307384246752,0.2322602174248458
Endogenous,SOS2,NM_006939.2,987.9814814814815,0.3719098468845955,0.1846420399594182,2.0142208511470963,0.04398635146500221,0.2362370427818653
Endogenous,TNF,NM_000594.2,345.64814814814815,-0.5152073828354062,0.2574030214118028,-2.0015591892029834,0.04533216193940966,0.24138407596796765
Endogenous,NF1,NM_000267.2,1215.388888888889,-0.24926697183752872,0.12511558715086576,-1.9922935064594296,0.04633886376002361,0.24465349256351446
Endogenous,BMP4,NM_001202.2,174.57407407407408,0.6953094557989926,0.34990843615068495,1.9871182971409234,0.04690928906225741,0.24494567344872517
Endogenous,PPARG,NM_015869.3,219.4814814814815,0.548303093263897,0.27626833494209363,1.9846758528400383,0.04718054705272395,0.24494567344872517
Endogenous,GNAQ,NM_002072.2,1227.7037037037037,0.26181689634335936,0.13249166093374548,1.9761009447551947,0.04814334545575404,0.2478785472639237
Endogenous,MMP9,NM_004994.2,3105.3333333333335,-0.6964114030874183,0.35371632268477227,-1.9688415784760145,0.048971286020577605,0.25007468189196597
Housekeeping,FCF1,NM_015962.4,3705.5185185185187,0.22035671864472242,0.11287789013534834,1.952169006529973,0.05091814258093798,0.2537520036966144
Endogenous,FZD3,NM_017412.2,348.1666666666667,-0.4382098131605442,0.22470233738505987,-1.950179149269856,0.0511547700764851,0.2537520036966144
Endogenous,ALKBH2,NM_001001655.2,238.07407407407408,0.3302613654928416,0.16960452655092997,1.947243816005515,0.051505510952034955,0.2537520036966144
Endogenous,SETBP1,NM_015559.2,869.5,0.5296508739761173,0.27208583522101065,1.9466315603893565,0.05157892206880992,0.2537520036966144
Endogenous,MLH1,NM_000249.2,918.6851851851852,0.22127237759772972,0.11390285408669913,1.9426412039623204,0.052059524796734154,0.2537520036966144
Endogenous,XPA,NM_000380.3,496.2037037037037,0.3498182738265981,0.1801315707553409,1.942015341118242,0.052135243135098944,0.2537520036966144
Endogenous,MYC,NM_002467.3,3751.0555555555557,0.6142024927338648,0.31734451761013027,1.9354438430489473,0.05293585358390169,0.2543022840235842
Endogenous,DUSP8,NM_004420.2,178.16666666666666,-0.4046546154699133,0.2091893268806502,-1.934394175381533,0.0530646820594959,0.2543022840235842
Endogenous,CDK6,NM_001259.5,936.0925925925926,0.4779822198875792,0.24922860079247974,1.9178465808808647,0.055130467377686565,0.2607637315303744
Endogenous,HSPA2,NM_021979.3,380.1111111111111,0.7251680310288846,0.3783016501950949,1.9169042235340672,0.055250100420560874,0.2607637315303744
Endogenous,PLA1A,NM_015900.2,78.5,0.5249208232687043,0.2746682401177156,1.9111085542461588,0.05599063208210874,0.2622719081740883
Endogenous,AKT3,NM_181690.1,1783.8703703703704,0.5079516208171282,0.2678415125153801,1.896463382568303,0.057898797557753845,0.26918620058567644
Endogenous,CACNA1D,NM_000720.2,131.64814814814815,-0.7147220075623855,0.37782838339103175,-1.891657797510377,0.05853658971119226,0.2701355214079465
Endogenous,DTX4,NM_015177.1,294.27777777777777,-0.4380313206864111,0.23288410299065382,-1.8808983312355603,0.05998575027737316,0.27409490033685113
Endogenous,NUMBL,NM_004756.3,752.5925925925926,0.32355884441600297,0.17221748722193425,1.878780428372162,0.06027448049141028,0.27409490033685113
Endogenous,HDAC5,NM_005474.4,1007,0.2748927944951915,0.14669750696022,1.873875024813709,0.060947652545433835,0.2751477357667049
Endogenous,RUNX1,NM_001754.4,1377.2037037037037,-0.35470679243241454,0.19062426704958352,-1.8607640985192684,0.06277749749670167,0.28136964705356216
Endogenous,ATR,NM_001184.2,1027.037037037037,-0.2691557972457956,0.14525390244146275,-1.8530021756507729,0.06388204681611433,0.28427510833170877
Endogenous,FANCF,NM_022725.2,403.01851851851853,-0.36094769616930444,0.1958315424026765,-1.8431540278997018,0.0653065248646271,0.28855294319618924
Endogenous,RHOA,NM_001664.2,2911.5185185185187,-0.25417840200992714,0.13839915815338188,-1.8365603187284714,0.06627482982222467,0.2887624693979477
Endogenous,MAP3K8,NM_005204.2,475.5925925925926,-0.3393251932428977,0.18500750943089628,-1.8341157842008675,0.06663680888120356,0.2887624693979477
Endogenous,NTRK2,NM_001007097.1,868.0185185185185,0.7880636891717478,0.4298394169568985,1.8333909317831822,0.06674445520594617,0.2887624693979477
Endogenous,JAK1,NM_002227.1,2395.6481481481483,0.22061002044491146,0.1211803798636963,1.8205093984113074,0.06868146631858646,0.2950934725274439
Endogenous,ABL1,NM_005157.3,1137.6666666666667,0.25137604914989514,0.13910420112514724,1.8071060910931138,0.07074573912318656,0.30188079091606324
Endogenous,TNFAIP3,NM_006290.2,1286.6296296296296,0.36510301446621846,0.2024691165885076,1.8032528645257206,0.07134851154578041,0.3023817870273551
Endogenous,CACNB2,NM_000724.3,95.72222222222223,0.43974419088438194,0.2460169894147957,1.7874545653550515,0.07386404923549128,0.30931393822999836
Housekeeping,ZNF346,NM_012279.2,349.22222222222223,0.2541261380751103,0.1422277836321433,1.7867545396923286,0.07397716981744744,0.30931393822999836
Endogenous,RASA4,NM_001079877.2,1206.148148148148,0.3831303413081834,0.2166013630207417,1.7688270099735934,0.07692274782264581,0.31948581262338893
Endogenous,TNN,NM_022093.1,106.33333333333333,-0.6762655411871088,0.3835812064058447,-1.7630309564009037,0.07789526872857265,0.3197418854771022
Endogenous,PLAU,NM_002658.2,2263.759259259259,-0.4862549793445914,0.2759134627944861,-1.7623459704348605,0.0780108613042047,0.3197418854771022
Endogenous,PIK3R1,NM_181504.2,1664.962962962963,0.44893958117211236,0.2554275465034117,1.7576004910892253,0.07881550973985443,0.3209285135158778
Endogenous,SHC2,NM_012435.2,275.94444444444446,0.6061400497888312,0.3455471574534696,1.754145669308399,0.07940554995647531,0.321231543005741
Endogenous,MAPK12,NM_002969.3,157.77777777777777,0.42791788324747504,0.2449972809552411,1.7466229893614695,0.08070275672596325,0.32437301574371036
Endogenous,DAXX,NM_001350.3,1333.7407407407406,-0.22456474374095864,0.12941295905941572,-1.7352570049639087,0.08269529354867688,0.3302510761591391
Endogenous,CCNA1,NM_003914.3,99.37037037037037,0.580220948506047,0.3357388072984703,1.728191486634529,0.08395389954026365,0.3331419070928933
Endogenous,FGF10,NM_004465.1,89.01851851851852,0.5321168117554941,0.3096904426799582,1.7182216123646954,0.08575620088087953,0.3376714191918556
Endogenous,PDGFA,NM_002607.5,291.31481481481484,-0.42961247369437244,0.25037074169698026,-1.7159052642593742,0.0861793830682264,0.3376714191918556
Endogenous,PPP2CB,NM_001009552.1,2405.8333333333335,0.2231780995610923,0.13069638230793845,1.7076073233247906,0.08770922862034612,0.3400582784437791
Endogenous,MFNG,NM_002405.2,316.77777777777777,0.40442599182510103,0.23713570356018235,1.705462255380967,0.08810824602101727,0.3400582784437791
Housekeeping,AMMECR1L,NM_001199140.1,857.4814814814815,-0.13728553469913826,0.08057801164867333,-1.7037592748964114,0.0884260691940485,0.3400582784437791
Endogenous,ACVR2A,NM_001616.3,391,0.2562497904866722,0.1507201903844349,1.7001689676284768,0.08909914758235211,0.3405445947472722
Endogenous,WHSC1L1,NM_017778.2,2000.7222222222222,-0.3087948502614464,0.18224738115814182,-1.6943719481680526,0.09019462654506005,0.34262958742422206
Endogenous,CACNB4,NM_001005747.2,73.05555555555556,0.4920983619958163,0.29295269963265175,1.6797877698784938,0.09299861554502865,0.35003472349211134
Endogenous,POLR2D,NM_004805.3,915.8888888888889,-0.23564962949580054,0.14040076966926965,-1.6784069635152332,0.0932676791327295,0.35003472349211134
Endogenous,BCOR,NM_001123383.1,531.7037037037037,-0.2049159418259851,0.12280491327042684,-1.6686298322180548,0.09519076289347975,0.3530298042322811
Endogenous,PRKCB,NM_212535.1,304.7037037037037,0.5207005446589105,0.3120605735976883,1.6685880521715728,0.09519904833230051,0.3530298042322811
Endogenous,SPRY2,NM_005842.2,528.425925925926,0.4209415566806081,0.25341415507427123,1.6610814678337031,0.09669708590255346,0.35498185009908917
Endogenous,HDAC2,NM_001527.1,3670.8703703703704,-0.3572964365926581,0.21520696197442687,-1.6602457156340311,0.0968650313271993,0.35498185009908917
Endogenous,ACVR1B,NM_004302.3,261.8703703703704,-0.2900433442541056,0.17519881497614773,-1.6555097378574923,0.09782114277855061,0.35638930965518734
Endogenous,PRLR,NM_001204318.1,687.8518518518518,-0.5089440845336095,0.3105024953001678,-1.6390982109229266,0.10119280760307957,0.3665297624227824
Housekeeping,TLK2,NM_006852.2,1007.7592592592592,-0.26466397530743546,0.16206042673955198,-1.6331190817655816,0.10244395409605908,0.36761269631977883
Endogenous,TNFSF10,NM_003810.2,2987.574074074074,-0.4106018735483005,0.2515887517655921,-1.6320358945572522,0.1026719248148339,0.36761269631977883
Endogenous,BRIP1,NM_032043.1,470.31481481481484,-0.4331446509233685,0.26763169270620046,-1.6184355692091523,0.10556876172313007,0.37344112844978655
Endogenous,CACNG4,NM_014405.2,256.27777777777777,-0.7454710453917262,0.4622054043824011,-1.6128566181259274,0.10677566205849942,0.37344112844978655
Endogenous,RASGRP2,NM_001098670.1,282.0925925925926,0.5608766565777061,0.347810685495626,1.6125917919355,0.10683322291125068,0.37344112844978655
Endogenous,MMP7,NM_002423.3,6264.314814814815,-0.8214456878430659,0.5105520762264443,-1.6089361420571944,0.10763030559586288,0.37344112844978655
Endogenous,PLA2G4A,NM_024420.2,178.96296296296296,-0.47893433736518237,0.2979321002763826,-1.6075284835735708,0.10793848624844717,0.37344112844978655
Housekeeping,TTC31,NR,805.5,0.17327604437275576,0.1078648486573412,1.606418091988513,0.10818207836334419,0.37344112844978655
Endogenous,MAP2K2,NM_030662.2,2297.814814814815,0.2690754687102266,0.167649184335258,1.6049912188784674,0.10849573715796366,0.37344112844978655
Endogenous,RBX1,NM_014248.2,4368.925925925926,0.1947716898415222,0.12257454843064915,1.5890059750187138,0.1120590437536246,0.3835867266950996
Endogenous,CREB3L1,NM_052854.1,1182.6296296296296,0.5190955614837132,0.3284672498635662,1.5803571336239073,0.11402510251939327,0.3881838189594645
Endogenous,THBS4,NM_003248.3,679.7222222222222,0.7125446354150733,0.4533315571160782,1.571795795439456,0.11599791696624079,0.39275381668460874
Endogenous,FGFR1,NM_015850.2,1856.4259259259259,0.46167479530980926,0.2962746764671498,1.5582661360563452,0.11917017296546323,0.3987711177787264
Endogenous,FLT1,NM_002019.4,554.425925925926,-0.3114873498564997,0.20043852362653092,-1.5540293563371161,0.12017741434547136,0.3987711177787264
Endogenous,CDKN1C,NM_000076.2,733.7777777777778,0.4818109636950608,0.3106496217158357,1.550978755531187,0.12090677519942591,0.3987711177787264
Endogenous,WEE1,NM_003390.3,1401.1666666666667,-0.33449618827951433,0.21573986561077357,-1.5504607242269939,0.12103097337506259,0.3987711177787264
Endogenous,STK11,NM_000455.4,1149.111111111111,0.2198476836381609,0.14192027393491952,1.549092864201887,0.12135939803726484,0.3987711177787264
Endogenous,EIF4EBP1,NM_004095.3,2311.814814814815,-0.4034587327587666,0.26062756616067634,-1.5480278571532036,0.12161558969174642,0.3987711177787264
Housekeeping,VPS33B,NM_018668.3,314.55555555555554,0.22582321102617645,0.14718569653489513,1.534274160754729,0.12496221974957908,0.4062491789209012
Endogenous,LEFTY1,NM_020997.2,68.46296296296296,0.4305140188843096,0.2810049651492254,1.5320512883311106,0.12550977889196788,0.4062491789209012
Endogenous,ITGA6,NM_000210.1,1984.462962962963,-0.4450893577285691,0.2907818959734722,-1.5306639233454007,0.1258524743687543,0.4062491789209012
Endogenous,FAS,NM_152876.1,428.9074074074074,0.28979773587328905,0.190404529622775,1.5220107234183429,0.12800639379145753,0.41107207903133014
Endogenous,PLD1,NM_002662.3,445.6111111111111,0.3491158802601428,0.2301140742062502,1.5171426670201484,0.12923066781468434,0.41287541563358127
Endogenous,CCNE1,NM_001238.1,625.2777777777778,-0.4744813408961537,0.3178077940724953,-1.4929820783058563,0.13544187819996611,0.4305116842784637
Endogenous,SRSF2,NM_003016.3,2995.5925925925926,-0.18729100511163688,0.12627953208835657,-1.4831461759027675,0.13803557792333804,0.4365287565798964
Housekeeping,PIAS1,NM_016166.1,819.2777777777778,0.17057558594351702,0.11703127504326585,1.4575213837536685,0.14497251302083825,0.4561508869292032
Housekeeping,GPATCH3,NM_022078.2,179.57407407407408,0.15493362481443212,0.10658516408544316,1.453613419314444,0.14605351434507477,0.457242911743626
Endogenous,IL10,NM_000572.2,57.611111111111114,-0.3109085316626394,0.21504315835284646,-1.4457959697210891,0.1482344368708955,0.4593043235890587
Endogenous,HDAC10,NM_032019.5,677.2592592592592,0.2218973664250201,0.15348895033853854,1.4456895166433705,0.14826430604288585,0.4593043235890587
Endogenous,HDAC6,NM_006044.2,830.7592592592592,-0.171307824659171,0.11868818264106898,-1.443343565022238,0.14892371326643636,0.4593043235890587
Endogenous,MSH2,NM_000251.1,1090.5555555555557,-0.27193041779186417,0.1889598977331312,-1.4390906274510824,0.15012484717838173,0.4607279792715853
Endogenous,PRKCA,NM_002737.2,361.9259259259259,0.36143846538484176,0.2527716455638803,1.4299011448793975,0.15274539339822335,0.4664724514073193
Endogenous,BMP6,NM_001718.2,262.2962962962963,0.5081230045463954,0.3587022183506143,1.416559414889733,0.1566117814659861,0.47594702367467967
Endogenous,PDGFRB,NM_002609.3,2672.222222222222,0.38959195725814316,0.2756561058846558,1.4133260571458632,0.15755987582886438,0.4765038963173909
Endogenous,KDM5C,NM_004187.2,1756.5,-0.1561108194619346,0.11084132027710039,-1.4084171775621372,0.1590075757079727,0.47855903220322216
Endogenous,GNA11,NM_002067.1,1705.4814814814815,0.17824555733735004,0.12865358601656593,1.3854690168869328,0.16590910003059747,0.4936961054746207
Endogenous,NFE2L2,NM_006164.3,1250.9814814814815,0.18503707126466132,0.133588413231854,1.3851281468813752,0.16601328665543003,0.4936961054746207
Endogenous,EPOR,NM_000121.2,191.57407407407408,-0.38076998392652467,0.2751591526971293,-1.3838172570099543,0.16641441757571482,0.4936961054746207
Endogenous,LAMA1,NM_005559.2,82.68518518518519,0.3594029265213428,0.2616325201720883,1.3736936306119216,0.1695368151100698,0.4988824254879451
Endogenous,KAT2B,NM_003884.3,418.962962962963,0.2725464120573559,0.19866623393154645,1.3718809012671274,0.17010051682845334,0.4988824254879451
Endogenous,SMAD2,NM_001003652.1,1825.5740740740741,0.21423254261165176,0.1564930629859865,1.3689587162776389,0.17101218003712673,0.4988824254879451
Endogenous,H2AFX,NM_002105.2,950.8703703703703,-0.25692446216161174,0.18783380453971577,-1.3678286652991016,0.17136571276792978,0.4988824254879451
Endogenous,MCM7,NM_182776.1,5209.185185185185,0.2914465226736216,0.21397026272840974,1.362088913465287,0.1731698266707063,0.49947317900242416
Endogenous,POLR2H,NM_001278698.1,1620.5555555555557,-0.2247277669676405,0.16498845530829512,-1.3620817683741406,0.17317208132347292,0.49947317900242416
Endogenous,NOTCH3,NM_000435.2,4036.3518518518517,0.32006744549201616,0.23567636071910578,1.3580803968434199,0.17443817475767273,0.5008063726913831
Endogenous,PPP3CB,NM_001142354.1,663.2037037037037,0.22278727635804182,0.16453119301898614,1.3540731837538746,0.175713030574837,0.5021523763675387
Endogenous,MNAT1,NM_002431.2,419.3703703703704,0.1578969663358852,0.11685741070221989,1.3511934364029659,0.1766334765812561,0.5022275329112664
Endogenous,CREB3L4,NM_130898.2,395.1296296296296,-0.3131643602548425,0.232153409179784,-1.3489543890881313,0.17735161675839262,0.5022275329112664
Endogenous,CD40,NM_001250.4,413.962962962963,-0.3248460505849219,0.24318507583693993,-1.335797640817141,0.18161542430868335,0.5090700004695259
Endogenous,COMP,NM_000095.2,3782.1111111111113,0.6179903088551522,0.46265711925491315,1.3357414878871756,0.18163378381221007,0.5090700004695259
Endogenous,SIX1,NM_005982.3,128.66666666666666,-0.44784758792477586,0.3362567688795159,-1.3318619262806397,0.1829055641991527,0.5090700004695259
Endogenous,KMT2C,NM_170606.2,2030.7592592592594,-0.2753663897805524,0.2068147568969027,-1.3314639337744294,0.18303640466320031,0.5090700004695259
Endogenous,SMARCB1,NM_003073.3,1925.0925925925926,0.17956779440418294,0.13559686248490882,1.324276912558857,0.18541109525073396,0.5133827215164767
Housekeeping,EIF2B4,NM_172195.3,1003.9444444444445,-0.17858195738822216,0.13555161002535135,-1.317446228449984,0.18768909392207947,0.5157588511393763
Endogenous,TGFB1,NM_000660.3,2014.0185185185185,0.27681106595580623,0.21022415531956837,1.3167424339749016,0.18792497465271013,0.5157588511393763
Endogenous,FANCL,NM_001114636.1,759.1111111111111,-0.2958332526058037,0.22556686428965364,-1.3115102412645145,0.18968543600629814,0.5169700631113343
Endogenous,SMC1A,NM_006306.2,1291.5740740740741,0.20887449125969892,0.15939185247022017,1.310446475290974,0.19004484005855016,0.5169700631113343
Endogenous,NPM1,NM_002520.5,119.74074074074075,0.20052750806518316,0.15330241475514378,1.3080518554483815,0.19085572153387945,0.5169700631113343
Endogenous,AMER1,NM_152424.3,506.8703703703704,-0.20725073152563928,0.16046023964755726,-1.2916017823534038,0.19649508649189693,0.5299412938720857
Endogenous,MAP3K13,NM_004721.3,254.4814814814815,-0.296121235057734,0.2308236180647848,-1.2828896693518697,0.19953073264417534,0.5358088208505226
Endogenous,EFNA5,NM_001962.2,395.6296296296296,0.40740522052589856,0.320026654967441,1.273035274412837,0.20300552495982999,0.5394755418948504
Endogenous,EFNA1,NM_004428.2,1032.4074074074074,-0.27351691196934413,0.21506680228662325,-1.2717765320415346,0.20345252946820727,0.5394755418948504
Endogenous,RASAL1,NM_004658.1,206.3148148148148,-0.4349568502566039,0.34203866196150373,-1.2716598988027794,0.2034939845028729,0.5394755418948504
Endogenous,SYK,NM_003177.3,809.3333333333334,-0.23844200704122237,0.18808814868372706,-1.2677141473818536,0.2049000507174017,0.5400685282242278
Endogenous,EZH2,NM_004456.3,1050.2592592592594,-0.29376296234838334,0.2324358463142926,-1.2638453448835345,0.20628554210229896,0.5400685282242278
Endogenous,DUSP5,NM_004419.3,905.8703703703703,0.2905168177725453,0.22988398335244498,1.263754062096364,0.20631831415307578,0.5400685282242278
Endogenous,ITGB4,NM_001005731.1,2598.5555555555557,-0.4272481113447963,0.33955522425345086,-1.258258100090045,0.20829842903407206,0.5409827565429751
Endogenous,NSD1,NM_022455.4,902.6296296296297,0.23572438766963283,0.18738543124477186,1.2579653930604577,0.20840427218348961,0.5409827565429751
Endogenous,CASP3,NM_032991.2,927.7407407407408,-0.19782593226975861,0.1576574871133848,-1.2547829848859973,0.20955755100865445,0.5417193123584719
Endogenous,MECOM,NM_005241.2,202.62962962962962,0.2457786336080229,0.19678574769132062,1.248965621197084,0.2116776483355182,0.5430914403667935
Endogenous,MAML2,NM_032427.1,631.9629629629629,0.2853930836417192,0.22858067182797892,1.2485442507426663,0.21183181381882957,0.5430914403667935
Housekeeping,RBM45,NM_152945.2,252.66666666666666,-0.13389776778582607,0.10774942343266494,-1.2426773482412352,0.21398675432998945,0.5463678194573091
Endogenous,H3F3C,NM_001013699.2,9049.333333333334,-0.24131467000083415,0.1955628966800738,-1.2339491493399528,0.21722185331818045,0.5523641412948017
Endogenous,LAT,NM_001014987.1,488.8703703703704,0.27961425628594694,0.22822034646972966,1.2251942502551323,0.22050204033678647,0.5571886573762553
Endogenous,SUV39H2,NM_024670.3,811.3888888888889,-0.28494447163713377,0.23286764250920913,-1.2236327407568666,0.22109080276439363,0.5571886573762553
Endogenous,CDKN1B,NM_004064.2,304.98148148148147,0.20578855192878567,0.1688435453111579,1.218812075697313,0.2229155271164912,0.5571886573762553
Endogenous,HRAS,NM_005343.2,265.4074074074074,0.15790325357470578,0.12970388627723436,1.2174134338364924,0.22344695435523285,0.5571886573762553
Housekeeping,TMUB2,NM_024107.2,492.037037037037,-0.23626485031690367,0.19413153944755973,-1.2170348568256488,0.22359095400331272,0.5571886573762553
Endogenous,CDC6,NM_001254.3,475.31481481481484,-0.27685567853796755,0.22855791215297258,-1.2113152239186957,0.22577461626896292,0.560388788587904
Endogenous,SPRY4,NM_030964.3,377.7037037037037,-0.2699181540080675,0.22380541957426447,-1.2060394003037163,0.2278022988640848,0.5631779055250985
Endogenous,TGFB3,NM_003239.2,1088,0.37974906105187817,0.31614636151001047,1.201181184683202,0.22968092632216802,0.5655779331964849
Endogenous,MET,NM_000245.2,623.0370370370371,0.3589162124969621,0.30035578292805687,1.1949702083243459,0.23209867006385387,0.569281383660555
Endogenous,CDC25A,NM_001789.2,227.37037037037038,-0.3289708590563891,0.27649624539560413,-1.1897841816466823,0.2341312284000069,0.572014726640017
Endogenous,PRKACA,NM_002730.3,2466.1666666666665,0.16174922475405767,0.13689550300908016,1.1815525068294537,0.2373833077029811,0.5776945339803017
Endogenous,PPARGC1A,NM_013261.3,162.5,0.42884357968708925,0.3655759687208344,1.1730628279195452,0.24077061166888053,0.5836579419054964
Endogenous,VEGFA,NM_001025366.1,5630.37037037037,-0.3041895168282302,0.2598706912513379,-1.1705418389564703,0.24178298728283487,0.5838403142527369
Endogenous,FST,NM_006350.2,338.5740740740741,-0.37459834752977755,0.3219524468076873,-1.1635207349535608,0.24461829039545988,0.5860027387037036
Endogenous,STAT4,NM_003151.2,225.2962962962963,0.30508412867175827,0.26223992645922944,1.1633778760961857,0.2446762217423924,0.5860027387037036
Endogenous,CYLD,NM_015247.1,1426.351851851852,0.15894670165566133,0.1370026299382289,1.1601726311920177,0.24597852759714006,0.5860027387037036
Endogenous,STAG2,NM_001042749.1,1033.5,0.14236291838289658,0.12290214781870339,1.1583436165241014,0.24672383865936007,0.5860027387037036
Endogenous,COL5A1,NM_000093.3,11492.796296296296,0.39460048354642424,0.34192137972508807,1.1540678850316153,0.24847233857969286,0.5860027387037036
Endogenous,RASGRP1,NM_005739.3,357.68518518518516,-0.3494048295418874,0.3028291530610806,-1.1538018252536357,0.24858142570046912,0.5860027387037036
Endogenous,AXIN2,NM_004655.3,273.6111111111111,0.3069636136329858,0.26642867163095263,1.1521418162463413,0.24926280217733776,0.5860027387037036
Endogenous,NTHL1,NM_002528.5,492.537037037037,0.17673041213973995,0.1542307758343053,1.1458829224175509,0.2518435982907794,0.5893894355398812
Endogenous,CIC,NM_015125.3,1004.2962962962963,0.2256710737492778,0.1972532143265228,1.1440679155459215,0.2525954723742348,0.5893894355398812
Endogenous,HELLS,NM_018063.3,700.3333333333334,-0.2787874194836281,0.24499819875230255,-1.1379162006227117,0.2551554757503333,0.5895041502714365
Endogenous,FGFR3,NM_022965.2,544.6111111111111,0.5525386781538492,0.48562699644490126,1.137784106317779,0.25521064320888753,0.5895041502714365
Endogenous,BAIAP3,NM_003933.4,90.5925925925926,0.34196349080269073,0.30072468029267047,1.1371314468432918,0.2554833396039934,0.5895041502714365
Housekeeping,MRPS5,NM_031902.3,1455.962962962963,-0.14202127864553776,0.12630163228516925,-1.1244611496775911,0.26081744308481125,0.5995913912982931
Endogenous,BAP1,NM_004656.2,1392.3703703703704,0.1293474439824902,0.11557895981847695,1.1191262162735969,0.2630862970028092,0.5996467424778227
Endogenous,APH1B,NM_001145646.1,209.61111111111111,0.248112307358002,0.22212345398467587,1.1170018424759371,0.26399353740040843,0.5996467424778227
Endogenous,IDH2,NM_002168.2,4746.574074074074,-0.26654796636144007,0.2388084334462583,-1.1161580959050357,0.2643544679003777,0.5996467424778227
Endogenous,COL5A2,NM_000393.3,4422.888888888889,0.3681733429225645,0.3304992690475709,1.1139913984789205,0.26528287675590295,0.5996467424778227
Endogenous,COL4A5,NM_033381.1,485.48148148148147,-0.44604667881970333,0.40071516593885637,-1.1131265216145174,0.26565409458086525,0.5996467424778227
Housekeeping,DDX50,NM_024045.1,1046.4814814814815,0.11367136010979863,0.10265413358648619,1.1073237495500405,0.2681539797372651,0.6031044381816468
Endogenous,CCR7,NM_001838.2,155.4814814814815,0.41476127536583984,0.3759288935083429,1.103297146157336,0.26989814554472163,0.6048436858789984
Endogenous,BRAF,NM_004333.3,1162.2777777777778,0.13004077160933555,0.11853244926687566,1.097090057732199,0.2726020259750259,0.6087134845248787
Endogenous,PTEN,NM_000314.3,3039.796296296296,0.2068018382425006,0.18938680167325644,1.0919548586035568,0.27485294318156517,0.6096274974470404
Endogenous,TTK,NM_003318.3,763.7777777777778,-0.3206394071915086,0.29370862216860116,-1.0916921839885518,0.27496842180195563,0.6096274974470404
Endogenous,PIK3R3,NM_003629.3,1395.5925925925926,-0.24659206072889192,0.22716252690709368,-1.0855314214291367,0.2776863548253134,0.6127942977718106
Endogenous,GNG7,NM_052847.1,155.88888888888889,0.30695405857577057,0.2834669263058208,1.0828566936398445,0.2788720365883707,0.6127942977718106
Endogenous,ENDOG,NM_004435.2,655.074074074074,0.1973559801882238,0.18243532946890226,1.0817859718441483,0.2793476413598623,0.6127942977718106
Endogenous,RAD50,NM_005732.2,433.25925925925924,0.11392048434459348,0.10712068993460228,1.0634778810157264,0.28756529077348536,0.626154608021594
Endogenous,TET2,NM_001127208.2,976.6111111111111,-0.12850400675292384,0.12122015452696228,-1.0600877985545007,0.2891046581766451,0.626154608021594
Endogenous,LAMC2,NM_005562.2,476.8703703703704,0.3923365266370578,0.37024458315976433,1.059668512335157,0.2892954325777389,0.626154608021594
Housekeeping,FTSJ2,NM_013393.1,593.9629629629629,-0.1948943584964347,0.18426945732107985,-1.057659589005255,0.29021066503288045,0.626154608021594
Endogenous,HDAC11,NM_024827.3,485.72222222222223,-0.19935874838674428,0.18878835445872766,-1.0559907095875847,0.2909724593815516,0.626154608021594
Endogenous,DTX3,NM_178502.2,313.1666666666667,0.2215564351626579,0.21002486469272363,1.054905739312369,0.29146843712080617,0.626154608021594
Housekeeping,CNOT10,NM_001256741.1,703.1851851851852,-0.1384084717767043,0.13353942067432759,-1.0364615263252581,0.299986879492983,0.6391554378593124
Endogenous,CDKN2B,NM_004936.3,513.7592592592592,-0.3106806042585729,0.30035321133851883,-1.0343841601494128,0.3009566064428295,0.6391554378593124
Endogenous,ARID2,NM_152641.2,1651.3148148148148,-0.16355805383961083,0.15833581273515956,-1.032982058917942,0.3016122947519735,0.6391554378593124
Endogenous,LEF1,NM_016269.3,328.5740740740741,0.2888680312269176,0.2796514926710794,1.032957229971515,0.3016239144954058,0.6391554378593124
Endogenous,KRAS,NM_004985.3,1083.7777777777778,0.19252273002488732,0.18693883862914282,1.0298701513109432,0.30307096420194624,0.640044782026483
Endogenous,FANCA,NM_000135.2,386.8333333333333,-0.27477775351985334,0.26770492091112086,-1.0264202562457965,0.3046935340370199,0.641297539544133
Endogenous,RAC3,NM_005052.2,899.2592592592592,-0.34726671569052464,0.3398146881958145,-1.0219296803627747,0.3068141836398441,0.6435866545711207
Endogenous,IKBKG,NM_003639.2,733.074074074074,0.12870220309686262,0.12662761209461817,1.016383401439287,0.30944684671019645,0.6469308238270215
Endogenous,IDH1,NM_005896.2,884.0370370370371,-0.22869244324826088,0.2274831204929447,-1.0053160988503043,0.314744665562031,0.6558057747329276
Endogenous,COL2A1,NM_001844.4,839.8148148148148,-0.6485630363523492,0.6502332501064002,-0.9974313621246258,0.3185551746953936,0.6615329127841006
Endogenous,PKMYT1,NM_004203.3,533.5370370370371,0.2770884788550163,0.2790659221548669,0.992914063872144,0.3207518354274454,0.6638817058847126
Endogenous,SIRT4,NM_012240.1,88.51851851851852,0.20524520479067873,0.20775748931859178,0.9879076102808476,0.32319789798589393,0.6667294385603044
Endogenous,NRAS,NM_002524.3,776.2037037037037,0.15317636561285894,0.1557575159872747,0.9834284056338788,0.3253966356554408,0.6690498482288436
Housekeeping,MTMR14,NM_022485.3,837.7037037037037,-0.11501021222211125,0.11749185769424,-0.9788781493387655,0.32764018984048093,0.6714468364165119
Endogenous,MAPK3,NM_001040056.1,1482.9814814814815,0.1455908932204627,0.14927819134607972,0.9752991505834328,0.32941189170896545,0.6716195757472131
Endogenous,PRDM1,NM_182907.1,501.4259259259259,-0.21189976366610208,0.21747707604784702,-0.9743544814786921,0.32988056208450595,0.6716195757472131
Endogenous,CBL,NM_005188.2,712.6666666666666,0.1468686684758828,0.15146140374199943,0.9696771906726818,0.33220742334044073,0.6741538265182234
Endogenous,RAC1,NM_198829.1,3269.0925925925926,-0.12809396771792636,0.13244924608995792,-0.9671173789160452,0.3334853586075989,0.6745499299108252
Housekeeping,SAP130,NM_024545.3,791.0555555555555,-0.08956136670587501,0.0932494700612177,-0.9604490690089555,0.33682925230198957,0.6791088161299014
Endogenous,NFATC1,NM_172389.1,336.0740740740741,0.2437951549383773,0.2548586660782875,0.9565896215727987,0.33877442925483814,0.6800710494062826
Endogenous,FGFR4,NM_002011.3,115.31481481481481,0.25689662336872626,0.269577807322061,0.9529590952634143,0.34061079629954316,0.6800710494062826
Housekeeping,PRPF38A,NM_032864.3,1577.9259259259259,-0.0913518115164324,0.09603415686992962,-0.9512429170400374,0.34148107682902573,0.6800710494062826
Endogenous,CDKN2C,NM_001262.2,542.7222222222222,0.24992564613749055,0.2633861158958369,0.9488945356418497,0.3426742540189057,0.6800710494062826
Endogenous,CCNE2,NM_057735.1,300.85185185185185,-0.29097505071309027,0.30670372349090264,-0.9487170465399357,0.34276454175533344,0.6800710494062826
Endogenous,BNIP3,NM_004052.2,1604.648148148148,-0.24472917828023869,0.2624577627070072,-0.9324516667218576,0.3511031541403322,0.693059136559915
Endogenous,BID,NM_197966.1,459.6666666666667,-0.1564739721538112,0.16795994031359882,-0.931614835428364,0.3515356134075973,0.693059136559915
Endogenous,RIN1,NM_004292.2,179.14814814814815,0.18513027422386386,0.19984570252782322,0.9263660508190782,0.35425578078770814,0.6962187742294705
Endogenous,THEM4,NM_053055.4,572.3148148148148,0.1784740471575083,0.1935257778477986,0.9222236393638064,0.3564119349584338,0.697421210969065
Endogenous,ANGPT1,NM_001146.3,292.25925925925924,-0.3356427487376015,0.3644754728688075,-0.9208925530591622,0.3571065269648984,0.697421210969065
Endogenous,ETV1,NM_004956.4,280.3888888888889,-0.26483361781006165,0.2892869098121389,-0.9154704510551236,0.35994470804897605,0.7002482374142792
Endogenous,E2F5,NM_001951.3,836.9074074074074,-0.2613238853395783,0.2859630830245992,-0.9138378373025814,0.36080206133223697,0.7002482374142792
Endogenous,ITGB7,NM_000889.1,225.12962962962962,-0.2138806860045308,0.23508745147242874,-0.9097920142692726,0.3629322068637419,0.7021949219755006
Housekeeping,DHX16,NM_001164239.1,557.5370370370371,-0.09792097877541533,0.1080500620691964,-0.9062556457645133,0.36480055608658246,0.703624601987433
Endogenous,DDIT3,NM_004083.4,732.1111111111111,0.15353024746142915,0.17303375047574182,0.8872849778688295,0.37492549122003704,0.7209215463891453
Endogenous,BMPR1B,NM_001203.1,316.6666666666667,0.2911183419766013,0.3290881105984571,0.8846212688972367,0.376360931499577,0.7214549548438045
Endogenous,IL2RA,NM_000417.1,324.3333333333333,0.2610905023604229,0.297801706269877,0.8767260121868299,0.38063547450200497,0.7260583986916163
Endogenous,PBX1,NM_002585.2,2822.4444444444443,0.16537375238792176,0.18905929220670015,0.8747189860793365,0.38172682698639043,0.7260583986916163
Endogenous,INHBB,NM_002193.2,405.1666666666667,0.2871558010484291,0.3323399246000918,0.8640424450777822,0.38756457423971047,0.7260583986916163
Endogenous,CCND1,NM_053056.2,3718.740740740741,0.28687389944641734,0.33355649592113407,0.8600459081277964,0.38976373676774995,0.7260583986916163
Endogenous,PDGFB,NM_033016.2,201.05555555555554,-0.2547950207516835,0.29650522242094335,-0.8593272613254528,0.3901599878800349,0.7260583986916163
Endogenous,UBB,NM_018955.2,18275.425925925927,0.1584173498679356,0.18515080943472703,0.8556125158274502,0.39221214472479354,0.7260583986916163
Endogenous,IL6R,NM_000565.2,520,0.18262747366526558,0.21356758316111518,0.8551273136218036,0.39248067012829047,0.7260583986916163
Endogenous,CACNA1H,NM_021098.2,192.03703703703704,-0.30412515289099157,0.35649036995402483,-0.8531090276862553,0.39359884556344066,0.7260583986916163
Housekeeping,SLC4A1AP,NM_018158.2,821.2222222222222,-0.10154960709081456,0.11905945371494618,-0.8529319085735607,0.3936970654933295,0.7260583986916163
Endogenous,WNT5B,NM_032642.2,275.6296296296296,-0.30073464151058016,0.35366550539760894,-0.8503363684634124,0.3951381022827762,0.7260583986916163
Endogenous,WNT2B,NM_024494.1,100.48148148148148,0.22355815934011047,0.2635622997704478,0.8482175164460951,0.3963168438176262,0.7260583986916163
Endogenous,BAD,NM_004322.3,890.1296296296297,0.1314252058167708,0.155562500326207,0.8448386053269814,0.39820095678742223,0.7260583986916163
Endogenous,STAT3,NM_139276.2,5489.166666666667,0.12094591179334954,0.14315861738259328,0.8448385015490895,0.39820101473770897,0.7260583986916163
Endogenous,GADD45G,NM_006705.3,168.2962962962963,0.2371415143585947,0.28167815719486267,0.8418881915452966,0.3998505406592468,0.7260583986916163
Endogenous,MAPK9,NM_139068.2,799.425925925926,0.12619862194067202,0.15010952854073756,0.8407102678123697,0.400510266959749,0.7260583986916163
Endogenous,POLB,NM_002690.1,556.4444444444445,-0.14204230990884376,0.1691272219187996,-0.8398548045508624,0.4009898007763794,0.7260583986916163
Housekeeping,ERCC3,NM_000122.1,585.7592592592592,0.09619100416184562,0.11463868985661173,0.8390797581702985,0.40142455412481237,0.7260583986916163
Endogenous,RASGRF2,NM_006909.1,117.70370370370371,0.22853607630834066,0.2723926027806757,0.8389951635079926,0.40147202364801027,0.7260583986916163
Endogenous,LIF,NM_002309.3,353.55555555555554,0.27911832735721837,0.33316173231350565,0.8377862770102529,0.40215074732877243,0.7260583986916163
Endogenous,IL1RAP,NM_002182.2,330.25925925925924,0.1898607756398786,0.2274775453800211,0.834635239811031,0.40392311438828304,0.7260583986916163
Endogenous,SKP2,NM_005983.2,1350.1851851851852,-0.15965183266267757,0.19138173409493026,-0.8342062183608712,0.40416478763328467,0.7260583986916163
Endogenous,THBS1,NM_003246.2,8164.055555555556,-0.22248604752371426,0.26683838005665905,-0.8337857825267593,0.4044017084205311,0.7260583986916163
Endogenous,MAP3K12,NM_006301.2,203.6851851851852,0.20251641703210688,0.24408399993198493,0.8296996816200118,0.40670860151523064,0.7281018929424962
Endogenous,MAD2L2,NM_001127325.1,1244.9814814814815,0.14055465094287783,0.17001088449534843,0.8267391312038228,0.4083849368166247,0.7290080677270979
Endogenous,AKT2,NM_001626.2,2650.537037037037,0.10549185700356913,0.12847551776809657,0.8211047430373943,0.41158660860586493,0.7311002542292748
Endogenous,TNFRSF10C,NM_003841.2,73.55555555555556,0.1729897635136952,0.21082233359400535,0.8205476173451013,0.4119039955609558,0.7311002542292748
Endogenous,ARID1B,NM_020732.3,1691.7592592592594,-0.09141696330560867,0.11256434647867584,-0.8121307160338436,0.4167166297869534,0.7373603458801115
Endogenous,SFRP1,NM_003012.3,3832.4444444444443,0.3591949167120962,0.4433151854344626,0.8102472654079604,0.41779807720012735,0.7373603458801115
Endogenous,DUSP6,NM_001946.2,1069.1296296296296,0.22510096784155814,0.27879890465475055,0.8073954527199846,0.41943868594309475,0.7381646930580453
Endogenous,IL11,NM_000641.2,70.70370370370371,-0.22309168792423845,0.2838124450436746,-0.7860532257135796,0.43183630543911855,0.7578423050382278
Endogenous,NFKB1,NM_003998.2,363.6296296296296,-0.1300107887108756,0.1666024157190861,-0.7803655676283298,0.4351757290679016,0.7615575258688277
Endogenous,MAPK8IP2,NM_012324.2,359.3703703703704,-0.32859649981593114,0.42240563115002355,-0.7779169489793692,0.43661797568386973,0.7619411732522433
Endogenous,TNFRSF10D,NM_003840.3,150.5185185185185,0.20691696222027786,0.2696393622910896,0.767384110621432,0.4428531728637165,0.7690808435052169
Endogenous,PIK3CB,NM_006219.1,638.2592592592592,-0.13197599321595346,0.17210427673808987,-0.7668373832266583,0.44317820677106395,0.7690808435052169
Endogenous,WNT3,NM_030753.3,118.77777777777777,-0.1634142444416346,0.21495259582252166,-0.7602338730375681,0.4471148009049198,0.7725858174705931
Endogenous,DNMT1,NM_001379.2,1627.462962962963,-0.12362133253706357,0.16281140434634359,-0.7592916051143923,0.4476781382132971,0.7725858174705931
Housekeeping,C10orf76,NM_024541.2,604.5185185185185,0.08095831200129378,0.10728077326118515,0.7546395271051332,0.4504653000957609,0.7752482927062405
Endogenous,PLCB1,NM_182734.1,497.31481481481484,0.2643117040171769,0.35153356209465375,0.7518818471904781,0.45212211560905585,0.7753050714698755
Endogenous,MAPK10,NM_002753.2,172.92592592592592,0.29883907187184616,0.3982162579087114,0.7504441768431092,0.452987232768916,0.7753050714698755
Endogenous,HDAC4,NM_006037.3,406.1666666666667,0.10499761039841773,0.1404846519921543,0.7473955973801436,0.4548248021520681,0.7763174020294203
Endogenous,SMO,NM_005631.3,359.037037037037,0.14391376574565767,0.19398316439399194,0.7418879168986017,0.4581552473239866,0.7779835045594807
Endogenous,PRKAR2B,NM_002736.2,706.5370370370371,0.1691229937306629,0.22803564412363514,0.7416515710981073,0.45829846897805687,0.7779835045594807
Endogenous,FGFR2,NM_000141.4,304.51851851851853,0.25363986456759285,0.3452588590489461,0.73463680342996,0.46256071768843443,0.7800045589357941
Endogenous,EGFR,NM_201282.1,1081.2592592592594,0.1824824213387517,0.2494874476794815,0.7314292684303232,0.4645169932902277,0.7800045589357941
Endogenous,DUSP4,NM_057158.2,550.9444444444445,-0.23929852196934948,0.328807676182658,-0.7277765675896668,0.4667503708237929,0.7800045589357941
Housekeeping,NOL7,NM_016167.3,1209.4444444444443,-0.11864439704925422,0.1631981565523422,-0.7269959388983763,0.46722844354828025,0.7800045589357941
Endogenous,SMAD4,NM_005359.3,1920.7037037037037,0.09442080326631053,0.129929956953301,0.7267054148278287,0.46740643564063916,0.7800045589357941
Endogenous,MAP2K6,NM_002758.3,192.14814814814815,-0.16688547030147927,0.22965245662617148,-0.7266870677248431,0.4674176774141806,0.7800045589357941
Endogenous,PRKX,NM_005044.1,368.3888888888889,0.16666510283995947,0.22978013635281014,0.7253242403166552,0.4682531381091284,0.7800045589357941
Endogenous,ALKBH3,NM_139178.3,380.962962962963,-0.13360782938846547,0.1879320201191451,-0.7109370149044363,0.47712326729048327,0.7926607880585895
Endogenous,SIN3A,NM_015477.1,708.0185185185185,0.09273508526454691,0.13089568834849907,0.7084655456155845,0.4786562010588285,0.7930925884565164
Endogenous,PBRM1,NM_181042.3,950.8148148148148,-0.12543553149779896,0.1776440461411035,-0.7061060261944548,0.4801222044301607,0.7934114943235812
Endogenous,NKD1,NM_033119.3,165.09259259259258,-0.16011096246035686,0.2304846274259716,-0.6946708951848958,0.4872615717230821,0.8030792570991538
Endogenous,EP300,NM_001429.2,2282.777777777778,-0.07181172468197003,0.10371804046661862,-0.69237448334827,0.4887021858601884,0.8033283952266421
Endogenous,SHC1,NM_183001.4,3341.6296296296296,0.10839005821756324,0.15808811072241372,0.6856306759708509,0.49294603228137285,0.8070849641539095
Endogenous,CAPN2,NM_001748.4,4926.722222222223,0.11024998400153631,0.1610362424946262,0.6846283935444866,0.49357844517277616,0.8070849641539095
Endogenous,PIK3R5,NM_001142633.1,464.5925925925926,0.13555042215411534,0.19888141182455488,0.6815640582524244,0.49551464826655617,0.8081299106546191
Endogenous,TNFRSF10A,NM_003844.2,155.07407407407408,0.09177144408310543,0.13653694835650276,0.672136335166119,0.5014969066897477,0.8157508429966391
Endogenous,GNAS,NM_080425.1,11513.425925925925,-0.1284989977998392,0.19341767683175956,-0.6643601552075896,0.5064598283118533,0.8194703574784628
Endogenous,ITGB3,NM_000212.2,187.1851851851852,0.15989813272403888,0.2407693833442418,0.6641132294442245,0.5066178435057798,0.8194703574784628
Endogenous,PIK3R2,NM_005027.2,1582.2407407407406,0.14839614639248422,0.22546319466517034,0.6581834636596167,0.5104202492999819,0.8194703574784628
Endogenous,MAPK8IP1,NM_005456.2,116.4074074074074,-0.2278090872161346,0.34644987044255476,-0.65755281399046706,0.5108255235112373,0.8194703574784628
Endogenous,PRKAA2,NM_006252.2,262.1296296296296,0.2448189004549731,0.3725091104622909,0.6572158735960798,0.5110421203198384,0.8194703574784628
Endogenous,SOX9,NM_000346.2,2042.3333333333333,-0.19329369873799152,0.2945514514524471,-0.6562306781543638,0.5116757127754767,0.8194703574784628
Endogenous,CASP10,NM_032977.3,60.370370370370374,0.15665029059945615,0.24099114556669105,0.6500250879802772,0.5156760162954842,0.8220566088147833
Endogenous,TGFB2,NM_003238.2,307.9074074074074,0.19741555712242362,0.30547583974040615,0.646255878337834,0.5181136568769745,0.8220566088147833
Endogenous,AR,NM_001011645.1,474.2962962962963,0.316363061739172,0.4906640355015506,0.6447651322473424,0.5190794007841375,0.8220566088147833
Endogenous,IBSP,NM_004967.3,77.01851851851852,-0.20751017265165927,0.32367279415799216,-0.6411109503085661,0.5214506001931797,0.8220566088147833
Endogenous,GPC4,NM_001448.2,572.3518518518518,0.18801870875642887,0.29362413969251955,0.640338049021856,0.5219528492015614,0.8220566088147833
Endogenous,CARD11,NM_032415.2,124.98148148148148,0.19987869146366447,0.3121728509499578,0.6402821092719098,0.5219892097868518,0.8220566088147833
Endogenous,MTOR,NM_004958.2,601.8703703703703,-0.10083641828037562,0.15769125389878388,-0.6394547306035041,0.5225271542386102,0.8220566088147833
Endogenous,CTNNB1,NM_001904.3,7730.333333333333,-0.11912647808431574,0.18899510620852797,-0.6303151466412966,0.5284884149841839,0.8287884782655497
Endogenous,FZD2,NM_001466.2,76.75925925925925,-0.12752898400931917,0.20280676583643917,-0.6288201652610028,0.5294667967089708,0.8287884782655497
Endogenous,ITGA3,NM_005501.2,584.7962962962963,0.17508306580330077,0.27959791687185653,0.6261958878740276,0.5311864640894581,0.8292449470203562
Endogenous,RPS27A,NM_002954.5,70008.03703703704,0.08832360420429701,0.14172970785884187,0.623183421024648,0.5331639951529505,0.8292449470203562
Endogenous,TCF3,NM_003200.2,1242.2962962962963,0.08966682520659665,0.14409183139001494,0.6222894409877717,0.5337515630098922,0.8292449470203562
Endogenous,BCL2L1,NM_138578.1,1634.8333333333333,0.0845704557556798,0.13702078741193527,0.6172089458326471,0.5370969158869774,0.8323666134268332
Endogenous,POLR2J,NM_006234.4,240.35185185185185,0.11580320036816469,0.1904841115457286,0.6079415203108127,0.5432262604603586,0.8397765763444254
Endogenous,CASP7,NM_001227.3,347.3703703703704,-0.10746825222518895,0.17791101173395413,-0.6040562142712989,0.5458062689542756,0.8416764989072122
Endogenous,FANCG,NM_004629.1,320.98148148148147,0.09485453824088698,0.1578449779445248,0.6009347872583185,0.5478834220407349,0.841982154385377
Endogenous,PTPN11,NM_002834.3,2118.925925925926,0.08107922685559994,0.1352311015684604,0.5995604998791922,0.5487991786200346,0.841982154385377
Endogenous,MLLT3,NM_004529.2,172.57407407407408,-0.14753649138711963,0.24685203419897236,-0.5976717666754144,0.5500589676321805,0.841982154385377
Endogenous,PIK3CA,NM_006218.2,798.2592592592592,0.08196257317640979,0.13907118464531854,0.5893569784815149,0.5556218298643312,0.842985229044509
Endogenous,GTF2H3,NM_001516.3,801.7407407407408,-0.10178224319201813,0.17285007661470622,-0.5888469660265017,0.5559639367503443,0.842985229044509
Endogenous,KMT2D,NM_003482.3,1339.2407407407406,-0.05556951564453185,0.09495098035257757,-0.585244253805362,0.5583834925644247,0.842985229044509
Endogenous,ITGB8,NM_002214.2,1395,-0.15725535841942323,0.26887232201801603,-0.5848700127969519,0.5586351233096754,0.842985229044509
Endogenous,PRKAR2A,NM_004157.2,1405.6851851851852,-0.06765330467137826,0.11583437462209113,-0.5840520561542867,0.5591852896171311,0.842985229044509
Endogenous,CHEK2,NM_007194.3,404.7962962962963,-0.11073159205234948,0.19021167373521394,-0.5821492965068721,0.56046612259063,0.842985229044509
Endogenous,NOTCH2,NM_024408.3,3934.574074074074,-0.09297160549337401,0.15985943493921573,-0.5815834738107584,0.5608472772278765,0.842985229044509
Endogenous,PLCG2,NM_002661.2,567,-0.12819653287924804,0.22154970809436017,-0.578635530517819,0.5628351251914425,0.842985229044509
Endogenous,BCL2,NM_000657.2,429.55555555555554,0.14584939323437945,0.25213253189984997,0.5784632079620434,0.562951430302422,0.842985229044509
Housekeeping,ZNF143,NM_003442.5,374.74074074074076,-0.057578444529004943,0.09986769115858204,-0.5765472683009654,0.5642453298740935,0.842985229044509
Endogenous,POLE2,NM_002692.2,192.83333333333334,0.08145222257603658,0.14266903672915607,0.5709173093434847,0.5680556970035635,0.8466476058211007
Housekeeping,COG7,NM_153603.3,840.9444444444445,0.07000521347919204,0.12394268444667329,0.5648192452158158,0.572196715503658,0.8471722509011809
Endogenous,NBN,NM_001024688.1,2221.6111111111113,0.08561002283777742,0.15185828325845754,0.5637494445533282,0.5729246621934969,0.8471722509011809
Housekeeping,USP39,NM_001256725.1,626.7777777777778,-0.09645061380292988,0.17111479838814894,-0.5636602720014066,0.5729853595618322,0.8471722509011809
Endogenous,MMP3,NM_002422.3,423.75925925925924,0.25021831970096975,0.4449157230017688,0.5623948688816623,0.5738470142540903,0.8471722509011809
Endogenous,IL12RB2,NM_001559.2,131.09259259259258,0.19838058587991805,0.35624084454166727,0.5568720962784343,0.5776148206507801,0.8496585514421595
Endogenous,RAD51,NM_133487.2,166.46296296296296,-0.13190560742255036,0.23795304500558645,-0.5543346058860209,0.5793498710788403,0.8496585514421595
Endogenous,FLNA,NM_001456.3,12432.74074074074,0.12126606962633579,0.21891708986762348,0.5539360572519209,0.5796226073241056,0.8496585514421595
Endogenous,JAG2,NM_145159.1,1283.962962962963,0.11169169591769698,0.20349023051987922,0.5488798928201405,0.58308787786227545,0.8527318026014028
Endogenous,PGF,NM_002632.5,222,0.1302521622880661,0.24111185098134957,0.5402146835915641,0.5890489874800912,0.8557014228439653
Endogenous,CBLC,NM_012116.3,170.33333333333334,-0.14625991179067366,0.2714830857287504,-0.5387441040684493,0.5900634370115104,0.8557014228439653
Endogenous,CHUK,NM_001278.3,961.074074074074,-0.05078325549967636,0.09434537907375344,-0.5382696640603577,0.5903908914698237,0.8557014228439653
Endogenous,FEN1,NM_004111.4,394.3333333333333,-0.15969471493525536,0.2968586902958698,-0.537948593575255,0.5906125390415812,0.8557014228439653
Endogenous,IRS1,NM_005544.2,317.44444444444446,-0.1919913669329169,0.35973753628543187,-0.5336984539210897,0.5935501790145072,0.8579623237263063
Endogenous,FANCC,NM_000136.2,675.7407407407408,0.08473814550243808,0.16006002817404705,0.5294147856221479,0.5965177435672437,0.8602559125981315
Endogenous,FGF12,NM_004113.4,69.96296296296296,0.1464263337670236,0.2807451571823934,0.52156316866365,0.6019745130673677,0.8661203733047809
Endogenous,HOXA9,NM_152739.3,341.44444444444446,-0.17928488212196286,0.34736087837651236,-0.5161343527224499,0.6057605764090788,0.869559537103355
Endogenous,TRAF7,NM_032271.2,2817.0185185185187,0.06944942793851942,0.13674956424994175,0.5078584953410482,0.6115525836168954,0.8742937843427829
Endogenous,FGF11,NM_004112.2,328.55555555555554,0.15366351811519316,0.3028373823383708,0.5074126480973856,0.6118653129589942,0.8742937843427829
Endogenous,BRCA1,NM_007305.2,335.72222222222223,-0.1161383134809438,0.23236315541724104,-0.49981380771147205,0.6172061872518332,0.8759381445318077
Endogenous,WNT10A,NM_025216.2,107.03703703703704,-0.14304960152751084,0.2865160223456608,-0.49927260736201295,0.6175873500105369,0.8759381445318077
Endogenous,C19orf40,NM_152266.3,177.55555555555554,-0.08828023307223366,0.17723601236798506,-0.4980942185098502,0.618417635359529,0.8759381445318077
Endogenous,HSP90B1,NM_003299.1,4696.444444444444,0.08627590262535124,0.17332184006422935,0.49777859843502265,0.6186401020770391,0.8759381445318077
Endogenous,PLCB4,NM_000933.3,523.5185185185185,-0.13067924469499959,0.26692217415394437,-0.48957807686532556,0.6244324929397742,0.8821347916133319
Endogenous,NFKBIZ,NM_001005474.1,1493.851851851852,0.14198605334722217,0.29184159972655355,0.4865175269058923,0.6266002817068859,0.8823490027026784
Endogenous,MCM5,NM_006739.3,349.75925925925924,-0.08224564724597593,0.16999393324231257,-0.4838151907970823,0.6285170332360082,0.8823490027026784
Endogenous,U2AF1,NM_001025203.1,5355.87037037037,-0.06797473396111363,0.1411051077660689,-0.48173120758892396,0.6299969037508798,0.8823490027026784
Endogenous,FANCE,NM_021922.2,278.1296296296296,-0.09722813552439447,0.2019796055652713,-0.48137600453415297,0.6302492876447703,0.8823490027026784
Endogenous,FZD7,NM_003507.1,1256.537037037037,0.12003715093033064,0.25108101590556126,0.4780813495492628,0.6325923059006479,0.8836435125024744
Housekeeping,AGK,NM_018238.3,501.25925925925924,0.0740215964977692,0.15742830201048713,0.4701924339680563,0.6382175392094509,0.889506771649861
Endogenous,JAK2,NM_004972.2,1617.7037037037037,0.07779485374666704,0.16702017757512508,0.46578117013242426,0.6413721446292335,0.8919081386250278
Endogenous,HSPA6,NM_002155.3,763.5925925925926,-0.11623077327121875,0.2530296344466747,-0.45935636561066157,0.6459782771330118,0.8963128433270966
Endogenous,MCM4,NM_182746.1,2327.222222222222,-0.13308147943730333,0.29311854540716964,-0.4540193089879061,0.6498149291834677,0.8996326686251119
Endogenous,GSK3B,NM_002093.2,1401.4444444444443,-0.06450450142476057,0.14316056745085398,-0.45057450227629553,0.6522962470196392,0.9010655474351114
Endogenous,PRKDC,NM_006904.6,4401.240740740741,0.10013312984403017,0.22658702242746462,0.44191908597097584,0.6585477588932389,0.9066500990832728
Endogenous,RFC3,NM_002915.3,811.0925925925926,-0.09450111117485505,0.21448957299740917,-0.4405860380727996,0.6595127124072142,0.9066500990832728
Endogenous,PBX3,NM_006195.5,569.7407407407408,0.07164211620214514,0.1632161300903853,0.4389401719209456,0.6607048876144557,0.9066500990832728
Endogenous,RAD52,NM_134424.2,572,0.07460616739940433,0.17284208767688627,0.4316435215644599,0.6660005217917526,0.9119084067610151
Endogenous,PDGFC,NM_016205.1,850.925925925926,-0.1113975840006015,0.26406181775241844,-0.4218617630855162,0.6731259209673561,0.9192074068374898
Endogenous,HMGA1,NM_145904.1,1687.6666666666667,-0.10775860655160721,0.2577744620944013,-0.4180344541351199,0.6759219266869523,0.9192074068374898
Endogenous,FGF13,NM_033642.1,238.12962962962962,-0.1410852221933612,0.33906139770686716,-0.41610523388255277,0.6773330002387367,0.9192074068374898
Endogenous,RELA,NM_021975.3,1420.1851851851852,-0.05722002407651819,0.13857513457597245,-0.41291696559852786,0.6796674506240776,0.9192074068374898
Endogenous,MYB,NM_005375.2,571.9629629629629,-0.15332637377171274,0.3714035569534826,-0.41282957823399763,0.6797314790525348,0.9192074068374898
Endogenous,ITGA9,NM_002207.2,376.4259259259259,0.1104865672859754,0.2718687441274228,0.40639672515716335,0.6844511255329985,0.9192074068374898
Endogenous,PPP3R1,NM_000945.3,3109.9074074074074,0.046147382608288885,0.11361725933121318,0.4061652505959645,0.6846211847149501,0.9192074068374898
Endogenous,MDM2,NM_006878.2,2620.314814814815,0.06339533483152082,0.15667562735165602,0.4046279303495685,0.6857510248713814,0.9192074068374898
Endogenous,CASP9,NM_001229.2,155.72222222222223,-0.061880370013482865,0.1534288809969761,-0.403316309233217,0.6867155452830902,0.9192074068374898
Endogenous,BCL2A1,NM_004049.2,240.62962962962962,-0.15292191834680988,0.3792367288452888,-0.4032360441786086,0.6867745859898191,0.9192074068374898
Endogenous,RAC2,NM_002872.3,997.4814814814815,0.10540182225229007,0.26215808592048523,0.40205443933649765,0.6876439620936788,0.9192074068374898
Endogenous,TNFRSF10B,NM_003842.3,266.55555555555554,0.05091511926585643,0.1275148820586993,0.39928766308561947,0.6896812563205004,0.9192074068374898
Endogenous,MLLT4,NM_005936.2,1788.9814814814815,-0.09596641578168605,0.24172379810110706,-0.39700855495223386,0.6913611520130978,0.9192074068374898
Endogenous,WNT6,NM_006522.3,155.61111111111111,-0.11632709504838887,0.29373124761539776,-0.39603241395925237,0.6920811161512161,0.9192074068374898
Endogenous,KDM6A,NM_021140.2,804.4814814814815,-0.05023309264970757,0.12744346501011225,-0.39415981545795015,0.6934630517072555,0.9192074068374898
Housekeeping,TRIM39,NM_021253.3,373.9074074074074,-0.042877458054376705,0.1119891902793075,-0.38287139988634483,0.7018151180947694,0.9260579498857222
Endogenous,SPOP,NM_001007226.1,125.79629629629629,-0.056328293661985225,0.14729418142248388,-0.3824203584825852,0.7021495919933336,0.9260579498857222
Endogenous,IL3RA,NM_002183.2,129.2962962962963,0.08211213694374696,0.21613147045603273,0.37991754171889974,0.7040066255324189,0.9260579498857222
Endogenous,MLF1,NM_022443.3,669.5555555555555,0.09059119939658868,0.2415073936710982,0.3751073539386631,0.7075806280438993,0.9260579498857222
Endogenous,RAD21,NM_006265.2,8246.333333333334,0.07479874648568823,0.20221757203177038,0.3698924170345424,0.7114626517001229,0.9260579498857222
Endogenous,LTBP1,NM_000627.3,1204.5925925925926,0.08713271092318471,0.2377054021270722,0.3665575546179865,0.7139490740022963,0.9260579498857222
Endogenous,DLL1,NM_005618.3,180.96296296296296,0.08518289109254991,0.23327129741849723,0.36516661944794987,0.7149870341070651,0.9260579498857222
Endogenous,NUPR1,NM_001042483.1,1137.5925925925926,-0.06451640195896902,0.17708081897889488,-0.36433309000371356,0.7156092931175183,0.9260579498857222
Endogenous,NCOR1,NM_006311.3,2359.277777777778,0.03763027822136897,0.10336086461096791,0.36406698379510183,0.7158079905684889,0.9260579498857222
Endogenous,BAX,NM_138761.3,1873.8703703703704,-0.04911141674226908,0.13861422435863777,-0.3543028644390975,0.7231119212964736,0.9260579498857222
Endogenous,EGF,NM_001963.3,132.75925925925927,-0.14012983593717793,0.39578122773416885,-0.3540588237077727,0.7232947997516936,0.9260579498857222
Endogenous,MAP3K5,NM_005923.3,303.14814814814815,-0.07235634205709045,0.20451502956563727,-0.35379474169094416,0.7234927144825627,0.9260579498857222
Endogenous,BIRC3,NM_182962.1,246.27777777777777,-0.11425291334283229,0.3252581135306641,-0.35126844985547445,0.7253869620570634,0.9260579498857222
Endogenous,NF2,NM_181828.2,1514.3703703703704,-0.043911490165642136,0.12576162532797072,-0.34916446134602996,0.726965844901093,0.9260579498857222
Endogenous,CHEK1,NM_001114121.1,643.0555555555555,-0.08809019384755128,0.2540408571806549,-0.3467560093489533,0.7287746283443381,0.9260579498857222
Endogenous,SHC3,NM_016848.5,69.55555555555556,-0.09623195599083334,0.280090272396378,-0.343574788112055,0.7311660878694285,0.9260579498857222
Endogenous,IL15,NM_172174.1,148.25925925925927,0.07690246107342555,0.2248753643051204,0.3419781500346167,0.7323673357497797,0.9260579498857222
Endogenous,BRCA2,NM_000059.3,364.55555555555554,-0.07728716917748692,0.2269932783192707,-0.3404821929078487,0.7334934306089753,0.9260579498857222
Endogenous,CLCF1,NM_013246.2,78.5,-0.09573178130932809,0.2858569116195714,-0.33489405859366234,0.7377050041338644,0.9260579498857222
Endogenous,CDH1,NM_004360.2,3564.925925925926,-0.09069769658755163,0.27156638544305906,-0.3339798349474617,0.7383947752396165,0.9260579498857222
Endogenous,GLI3,NM_000168.5,518.9629629629629,0.08765505379213476,0.2631779930210428,0.33306376717116376,0.7390861489990155,0.9260579498857222
Housekeeping,HDAC3,NM_003883.2,747.8888888888889,0.039800497433139355,0.1195024285873614,0.3330517873454219,0.739095191799845,0.9260579498857222
Endogenous,FANCB,NM_152633.2,252.72222222222223,-0.07085763915065062,0.21392401617375847,-0.3312280706860745,0.7404722184827941,0.9260579498857222
Endogenous,PLA2G4C,NM_003706.2,256.22222222222223,-0.08359359333227535,0.2534490829719811,-0.3298240117977332,0.741532942903228,0.9260579498857222
Endogenous,CD19,NM_001770.4,195.38888888888889,-0.15386092925104813,0.46813212405573623,-0.32866988045607676,0.7424052225575186,0.9260579498857222
Housekeeping,NUBP1,NM_001278506.1,166.90740740740742,-0.04246997800140778,0.12961683071942887,-0.32765789570444853,0.7431703417453153,0.9260579498857222
Endogenous,COL27A1,NM_032888.2,1296.9259259259259,-0.08684063383296615,0.2659423894358227,-0.32653927046828524,0.7440163825592709,0.9260579498857222
Endogenous,PRKAR1B,NM_001164759.1,287.24074074074076,-0.07546784639111576,0.23158123000761222,-0.3258806699862294,0.744514641179896,0.9260579498857222
Endogenous,CDKN2A,NM_000077.3,229.46296296296296,-0.09582541110217381,0.2963433100332953,-0.32335945458464194,0.7464230320402112,0.9260579498857222
Endogenous,TP53,NM_000546.2,1663.7962962962963,-0.0764558057454432,0.23808107706302212,-0.32113348397363256,0.7481092364960261,0.9260579498857222
Endogenous,PLCE1,NM_001165979.1,356.81481481481484,0.08804273789252268,0.27444766827373196,0.320799730040736,0.7483621639881839,0.9260579498857222
Endogenous,MSH6,NM_000179.1,1362.5185185185185,-0.06290917788022682,0.1963539746795298,-0.32038657726639436,0.7486752995163342,0.9260579498857222
Endogenous,COL24A1,NM_152890.5,89.12962962962963,0.07894427871432498,0.24750237017467444,0.31896372813969487,0.7497540180121784,0.9260579498857222
Endogenous,PPP2R1A,NM_014225.3,3560.037037037037,-0.04063769205027105,0.1276525899381568,-0.31834600512185907,0.7502224909501344,0.9260579498857222
Endogenous,SMC3,NM_005445.3,1463.0185185185185,0.04334220354941357,0.1363934831073832,0.31777327304773106,0.7506569256698069,0.9260579498857222
Endogenous,SMARCA4,NM_003072.3,2444.0555555555557,0.04974126827549337,0.1580013695771387,0.31481542475623236,0.752901799540198,0.9269917413311133
Endogenous,TLR4,NM_138554.2,587.6481481481482,0.06863981437135486,0.224357876196082,0.3059389558107857,0.7596511246567694,0.9322353483716266
Endogenous,IL8,NM_000584.2,879.5,0.12194029077612113,0.399854856822282,0.30496138460140865,0.760395562861041,0.9322353483716266
Endogenous,IL20RB,NM_144717.2,99.27777777777777,-0.06927205218309451,0.2283831379430939,-0.3033150906279035,0.7616497469039454,0.9322353483716266
Endogenous,CUL1,NM_003592.2,1621.5740740740741,-0.037854048353502964,0.12831772550981607,-0.2950024885736242,0.7679919786587424,0.9359334552895562
Endogenous,KITLG,NM_003994.4,607.2222222222222,0.0700756225849031,0.23793484658756398,0.2945160139001082,0.7683636284434854,0.9359334552895562
Endogenous,ETV4,NM_001079675.1,183.37037037037038,0.10117715539346757,0.34478475068813147,0.2934502039070326,0.7691780563535358,0.9359334552895562
Endogenous,LAMA5,NM_005560.3,867.8518518518518,0.06328666908553619,0.22114172106096,0.2861814983708595,0.77473911357093,0.9379864837721833
Endogenous,TNC,NM_002160.3,233.14814814814815,-0.10097581173463936,0.3534587180168029,-0.2856792224596908,0.7751238198550507,0.9379864837721833
Endogenous,MAPK1,NM_138957.2,1525.2777777777778,-0.036721061179369525,0.12874171411879026,-0.28523048206028173,0.7754675685831188,0.9379864837721833
Endogenous,KIT,NM_000222.1,349.1111111111111,0.11312228702277494,0.4000228830431446,0.28278953984383465,0.7773381731847846,0.9379864837721833
Endogenous,HIST1H3B,NM_003537.3,8431.574074074075,0.10004397140210188,0.3555052527402724,0.28141348301031355,0.7783932778655197,0.9379864837721833
Endogenous,ERCC6,NM_000124.2,420.68518518518516,-0.0369054057073199,0.1345694729970943,-0.27424797679126517,0.7838940607587519,0.9407892497984258
Endogenous,FOXO4,NM_005938.2,385.2962962962963,0.044305704423176245,0.16318099339047004,0.2715126529298586,0.7859967694535366,0.9407892497984258
Endogenous,ID4,NM_001546.2,732.1666666666666,-0.10127312754826855,0.37581894362958224,-0.26947318453453534,0.7875655748888931,0.9407892497984258
Endogenous,IRAK3,NM_007199.1,234.25925925925927,0.06364084508138657,0.23673594039973295,0.268826292171471,0.7880633596405004,0.9407892497984258
Endogenous,SHC4,NM_203349.2,469.2037037037037,-0.13113168590886246,0.4882802377049751,-0.2685582495109987,0.788269644293384,0.9407892497984258
Endogenous,PML,NM_002675.3,3620.777777777778,-0.04681226496872046,0.17573914210396988,-0.266373583074769,0.7899515081394908,0.9408584900387356
Endogenous,CD14,NM_000591.2,2280.8333333333335,0.06491837251483364,0.2488583132115204,0.26086479361312476,0.7941967756397249,0.9408584900387356
Endogenous,CASP8,NM_001228.4,1031.0925925925926,-0.04517773998221376,0.17328439027824113,-0.2607144238997655,0.7943127419886742,0.9408584900387356
Endogenous,UBE2T,NM_014176.3,1029.0740740740741,0.07195039627047434,0.27674910637842176,0.2599842045093748,0.7948759577375824,0.9408584900387356
Endogenous,RRAS2,NM_001102669.2,752.6296296296297,-0.050536961106443484,0.1958334204721198,-0.25806096316250715,0.7963598582735684,0.9408584900387356
Endogenous,IL20RA,NM_014432.2,130.88888888888889,-0.08570175053108572,0.33382339245462184,-0.2567278161692505,0.7973888968546587,0.9408584900387356
Housekeeping,CC2D1B,NM_032449.2,116.79629629629629,0.03784006735546016,0.1497752224061719,0.25264570966780187,0.8005420043689497,0.9427121108487926
Endogenous,RPS6KA6,NM_014496.1,116.53703703703704,-0.07314473601222028,0.29167197656203203,-0.250777386550415,0.8019862259227288,0.9427121108487926
Endogenous,XRCC4,NM_003401.3,260.0925925925926,-0.02744516557438403,0.11517952858379382,-0.23828162792329458,0.8116626698154601,0.9495585791414828
Endogenous,CCNB1,NM_031966.2,1621.7962962962963,0.07042732481761645,0.29985767670788926,0.23486917390554005,0.8143102760258298,0.9495585791414828
Endogenous,IL1B,NM_000576.2,189.14814814814815,-0.049065385877577986,0.2117770329504391,-0.23168416892997298,0.8167833282255657,0.9495585791414828
Endogenous,CDC14A,NM_033313.2,378.64814814814815,0.04425678595568448,0.19106485261346143,0.2316322722380515,0.8168236394894333,0.9495585791414828
Endogenous,ERCC2,NM_000400.2,207.40740740740742,-0.032156316765364,0.14040535039293814,-0.22902486746674108,0.8188495883019631,0.9495585791414828
Endogenous,PIK3CD,NM_005026.3,563.3518518518518,0.057131327628575174,0.2516271131748222,0.22704758206593664,0.8203867430284474,0.9495585791414828
Endogenous,LAMB3,NM_000228.2,480.77777777777777,0.08558058359487249,0.37733653218904123,0.22680174405164036,0.8205779074845296,0.9495585791414828
Endogenous,ATRX,NM_000489.3,2482.4444444444443,0.029057685887516924,0.12855495929127037,0.22603317715406185,0.8211756163566635,0.9495585791414828
Endogenous,SP1,NM_003109.1,753.2777777777778,0.023849201266842847,0.105723984376377,0.22557985690304458,0.8215282089201592,0.9495585791414828
Endogenous,TBL1XR1,NM_024665.4,4573.148148148148,0.0383326811846292,0.17723776755986506,0.21627828939834556,0.8287708311373492,0.9531156891917681
Endogenous,MAP2K4,NM_003010.2,583.4074074074074,-0.02895059110177004,0.134472327119816,-0.21529032568890413,0.8295409717720406,0.9531156891917681
Endogenous,CSF1R,NM_005211.2,187.90740740740742,0.0414469897609487,0.19713898603232557,0.21024248219554348,0.8334784244408671,0.9531156891917681
Endogenous,POLD1,NM_002691.2,281.18518518518516,0.04457915164203405,0.2126994254351126,0.20958755084006392,0.8339895968365445,0.9531156891917681
Endogenous,H3F3A,NM_002107.3,21055.685185185186,-0.03839345877199258,0.18392405382836186,-0.20874626223615864,0.8346463235629477,0.9531156891917681
Endogenous,ITGA2,NM_002203.2,464.64814814814815,0.05608001832235399,0.2686779952899493,0.2087257583630327,0.834662330738402,0.9531156891917681
Endogenous,TMPRSS2,NM_005656.2,354.22222222222223,-0.09326252553284636,0.44861481965422056,-0.20788997921363908,0.8353148736736845,0.9531156891917681
Housekeeping,EDC3,NM_001142443.1,1096.9814814814815,0.025388927399455634,0.12718336379456785,0.19962459430201063,0.8417741914480097,0.9541172987210396
Endogenous,CCNA2,NM_001237.2,987.574074074074,0.05815213424990985,0.2942582875986348,0.19762275762723375,0.8433402279418863,0.9541172987210396
Endogenous,TFDP1,NM_007111.4,1825.962962962963,-0.05343972741768097,0.27081942475259857,-0.19732605025101033,0.8435723949468297,0.9541172987210396
Endogenous,IGF1R,NM_000875.2,2232.3333333333335,0.05343291902195538,0.27178444972465615,0.19660035397936884,0.8441402935819144,0.9541172987210396
Endogenous,CALML5,NM_017422.4,1274.5185185185185,0.10643195548763726,0.54391685638816,0.19567688376931514,0.844863078704694,0.9541172987210396
Endogenous,CDC25C,NM_001790.2,116.24074074074075,0.04956456462982795,0.2541583942089348,0.1950144703427841,0.8453816194125423,0.9541172987210396
Endogenous,NASP,NM_172164.1,343.8703703703704,-0.0378064506031931,0.1982448219729311,-0.1907058667507356,0.8487560420502176,0.9561935157274604
Endogenous,LFNG,NM_001040168.1,376.1296296296296,0.050676439394698056,0.2730049088457852,0.18562464539172122,0.8527391252215484,0.9586574936999807
Endogenous,NOTCH1,NM_017617.3,1600.0555555555557,-0.03726904576143125,0.2032848376714265,-0.18333411477382286,0.854535868285358,0.9586574936999807
Endogenous,IL2RB,NM_000878.2,661.8333333333334,-0.049254656015872186,0.2705859712412828,-0.1820295996496861,0.8555594967852156,0.9586574936999807
Endogenous,MAPK8,NM_002750.2,890.7592592592592,-0.025638490883200093,0.15011525263259967,-0.1707920443364216,0.864387284861696,0.9668101947375882
Endogenous,CDC25B,NM_021873.2,1056.1296296296296,0.02716112631993529,0.16192909705207664,0.16773468644242628,0.8667920069360048,0.9671043827627399
Endogenous,CCND3,NM_001760.2,871.6481481481482,-0.026052009475373814,0.15645836624303472,-0.166510811156662,0.867754975865765,0.9671043827627399
Housekeeping,ACAD9,NM_014049.4,977.9444444444445,-0.0226874053841784,0.13952015692418404,-0.16261023413632522,0.8708253285746951,0.9671179809838122
Endogenous,CACNA1C,NM_199460.2,188.9814814814815,-0.04149445471475421,0.2552702148116662,-0.16255110195824482,0.8708718897783605,0.9671179809838122
Endogenous,TIAM1,NM_003253.2,582.1851851851852,0.029788215177138554,0.18980683709886345,0.15693963206195233,0.8752924249861135,0.9676236264183907
Endogenous,SOS1,NM_005633.2,1673.3333333333333,-0.01615266381353498,0.10512067619786557,-0.15365829442660067,0.8778791703790267,0.9676236264183907
Endogenous,PIK3CG,NM_002649.2,320.85185185185185,-0.037823843443489304,0.2507572943015318,-0.15083845735712362,0.8801031487392867,0.9676236264183907
Endogenous,RAF1,NM_002880.2,1228.2407407407406,-0.030674079397910323,0.20411660184647853,-0.150277239187928,0.8805458895515882,0.9676236264183907
Endogenous,RB1,NM_000321.1,630.4444444444445,0.03196106674145458,0.2155177682509683,0.14829898713611508,0.882106814670218,0.9676236264183907
Endogenous,DDIT4,NM_019058.2,2356.1481481481483,-0.049971865230498486,0.3471250327172773,-0.1439592668938948,0.8855326348247744,0.9676236264183907
Endogenous,PTTG2,NM_006607.2,891.6296296296297,-0.03427815573686002,0.24167223996514967,-0.14183737338555352,0.8872084627937751,0.9676236264183907
Endogenous,ID2,NM_002166.4,1160.537037037037,-0.025627627853266808,0.18536787741896832,-0.13825279875942725,0.8900406283199125,0.9676236264183907
Endogenous,ARNT2,NM_014862.3,506.55555555555554,-0.05081385764435867,0.3702699217769313,-0.13723463521017898,0.8908453349536175,0.9676236264183907
Endogenous,WHSC1,NM_007331.1,1133.7407407407406,-0.030483184707177365,0.22599581878810956,-0.13488384373941875,0.8927037136343284,0.9676236264183907
Endogenous,AXIN1,NM_181050.1,976.5185185185185,0.018219097708377086,0.13537556374518322,0.13458187877001795,0.8929424698914746,0.9676236264183907
Endogenous,STMN1,NM_203401.1,4179.740740740741,-0.035391329690416674,0.2707606824452545,-0.1307107419393231,0.8960041344171769,0.9676236264183907
Endogenous,ARID1A,NM_006015.4,793.9444444444445,-0.016102089201600146,0.12410677495521581,-0.12974383717094107,0.8967690986243211,0.9676236264183907
Endogenous,CEBPA,NM_004364.2,1105.9444444444443,-0.03998900714969708,0.31323121750471006,-0.12766609748626273,0.898413220781836,0.9676236264183907
Endogenous,IKBKB,NM_001556.1,707.5925925925926,0.02110378088664436,0.16647026368263382,0.12677207580374553,0.8991207976667305,0.9676236264183907
Endogenous,PLAT,NM_000931.2,1861.4814814814815,-0.041599531629672906,0.3301070199187734,-0.1260183186649861,0.8997174239761926,0.9676236264183907
Endogenous,MAPT,NM_016834.3,186.37037037037038,0.04814405324544317,0.38603067348814174,0.12471561601677252,0.9007486941346712,0.9676236264183907
Endogenous,FUT8,NM_004480.4,543.1851851851852,-0.02996772904075734,0.24182466156582294,-0.12392337839621183,0.9013759423410176,0.9676236264183907
Endogenous,E2F1,NM_005225.1,402.44444444444446,0.03670359619397276,0.29625333782736296,0.1238925997024925,0.9014003123866637,0.9676236264183907
Endogenous,BAMBI,NM_012342.2,986.2592592592592,0.04435359698220726,0.3616508801265228,0.12264202693683546,0.9023905729519823,0.9676236264183907
Endogenous,TCF7L1,NM_031283.1,965.925925925926,-0.02512145287614928,0.2124073627449732,-0.11827016046666584,0.9058535999276529,0.9695372098410235
Endogenous,ERBB2,NM_004448.2,1699.7962962962963,0.021927844483718505,0.18828576261683866,0.11646044915430832,0.9072876297549224,0.9695372098410235
Endogenous,JAK3,NM_000215.2,533,0.026086546430044183,0.23163458720459068,0.11261939222834327,0.9103323100852797,0.9697202415747659
Endogenous,WT1,NM_000378.3,109.75925925925925,-0.04011324737061476,0.35714280439518087,-0.11231710922622758,0.9105719764385843,0.9697202415747659
Endogenous,CDK4,NM_000075.2,1056.5,-0.01604953724531517,0.14893063810743443,-0.10776518149165171,0.9141819631410266,0.9716000969823343
Housekeeping,DNAJC14,NM_032364.5,274.6111111111111,-0.01735601495391021,0.16577148263449193,-0.10469843593169963,0.9166151030879037,0.9716000969823343
Endogenous,RFC4,NM_181573.2,858.4629629629629,-0.02432417575289324,0.2337619692182873,-0.10405531675761719,0.9171254503560512,0.9716000969823343
Endogenous,CNTFR,NM_147164.1,216.90740740740742,0.03967779047625481,0.3949416404687738,0.10046494573010706,0.9199752112562017,0.9716000969823343
Endogenous,CDC7,NM_003503.2,628.7407407407408,-0.024109856457295673,0.24046430231046292,-0.10026376566350996,0.9201349233059025,0.9716000969823343
Endogenous,SKP1,NM_170679.2,7068.166666666667,0.010643089336292265,0.11407138051232611,0.09330201220052924,0.9256636335532967,0.9738367549381378
Endogenous,ASXL1,NM_001164603.1,1048.7592592592594,0.012001831958660805,0.12983932426493813,0.09243603220062185,0.9263516124074621,0.9738367549381378
Endogenous,CDK2,NM_001798.2,405.24074074074076,0.015132499032875535,0.16573143896348835,0.09130735319452163,0.9272483753934552,0.9738367549381378
Housekeeping,ZKSCAN5,NM_014569.3,143.85185185185185,-0.00993359441677618,0.11264137393601319,-0.08818779520941422,0.9297274175340635,0.9738367549381378
Endogenous,AKT1,NM_005163.2,5065.759259259259,0.013892421770842857,0.15830328985835887,0.08775826316226931,0.9300688108959743,0.9738367549381378
Endogenous,MDC1,NM_014641.2,996.2962962962963,0.014837072330976416,0.17628015235485103,0.08416757152052755,0.932923200851194,0.9746635096905492
Endogenous,MUTYH,NM_012222.2,193.8148148148148,-0.013001814602648924,0.1613464887079514,-0.08058318905336162,0.935773435912733,0.9746635096905492
Endogenous,RET,NM_020630.4,141.40740740740742,-0.03303661563871251,0.4105347089961135,-0.0804721620724772,0.9358617358622938,0.9746635096905492
Endogenous,CREBBP,NM_004380.2,175.40740740740742,-0.013202346415247427,0.16845341924174445,-0.07837387020503857,0.937530658138641,0.9746635096905492
Endogenous,PPP3CA,NM_000944.4,618.925925925926,-0.013190422352837154,0.17154301610234424,-0.07689279722683445,0.9387088275641867,0.9746635096905492
Endogenous,WNT11,NM_004626.2,183.38888888888889,0.030321457402078592,0.4143437190481347,0.07317947879537211,0.9416632961462128,0.9746635096905492
Endogenous,HIST1H3H,NM_003536.2,5290.407407407408,-0.020654080699332052,0.293848446230085,-0.07028820796676866,0.9439642679733827,0.9746635096905492
Endogenous,PCNA,NM_002592.2,952.4444444444445,0.015296647445256474,0.22073010595751436,0.06930023151531825,0.9447506414598776,0.9746635096905492
Endogenous,DUSP10,NM_144728.2,338.4259259259259,0.018970486241476014,0.2746795225858233,0.06906407169667593,0.9449386193468566,0.9746635096905492
Housekeeping,ZNF384,NM_133476.3,1211.9814814814815,-0.007414474233402492,0.12808641233720444,-0.05788650098093861,0.9538390357482752,0.9815956280709202
Endogenous,VHL,NM_000551.2,2038.7222222222222,-0.008208106232431895,0.1448482505119423,-0.05666693386645468,0.9548105146243622,0.9815956280709202
Endogenous,IL7R,NM_002185.2,857.8333333333334,0.014886189213752234,0.3209311149854983,0.0463843750844317,0.9630038899847462,0.9883878475461233
Endogenous,HDAC1,NM_004964.2,1723.7962962962963,-0.0071498849951460875,0.1670368216641278,-0.04280424474025759,0.9658575802792098,0.9886416873974523
Endogenous,MEN1,NM_130802.2,1721.4814814814815,-0.006070462893759113,0.15001740477675354,-0.04046505738979283,0.967722364376003,0.9886416873974523
Endogenous,FASLG,NM_000639.1,72.61111111111111,-0.0090613373503737,0.23229139582653754,-0.03900849326825781,0.9688836171202013,0.9886416873974523
Endogenous,MCM2,NM_004526.2,880.425925925926,0.008097928923617544,0.2349233939572867,0.03447050882080264,0.972501958918636,0.9886416873974523
Housekeeping,PIK3R4,NM_014602.1,592.0370370370371,-0.003702425080387781,0.10798275070182521,-0.03428718991064931,0.9726481398350172,0.9886416873974523
Endogenous,HIST1H3G,NM_003534.2,1115.3703703703704,-0.012729089896669987,0.3729473784995511,-0.03413106145934555,0.9727726394456473,0.9886416873974523
Endogenous,MAP3K1,NM_005921.1,1135.148148148148,-0.005350291824336714,0.1822147428957042,-0.029362562761450686,0.9765754305102197,0.9908900540844737
Endogenous,BMP7,NM_001719.1,337.6666666666667,0.009128219632697582,0.40797891317711354,0.022374243711793997,0.9821494257482316,0.9927768151329699
Endogenous,TSC1,NM_000368.3,555.0925925925926,-0.0031158403606620904,0.14713693803531658,-0.0211764659661071,0.9831048875110532,0.9927768151329699
Endogenous,IRAK2,NM_001570.3,164.03703703703704,-0.004075053609168018,0.19370219470106356,-0.02103772554284664,0.9832155616966972,0.9927768151329699
Endogenous,FUBP1,NM_003902.3,1323.9074074074074,0.0019251115909884123,0.10198769769776149,0.018875919688798565,0.9849400894232164,0.9929088603732426
Endogenous,VEGFC,NM_005429.2,375.68518518518516,0.0034233564703037376,0.2188832269429196,0.015640104169318013,0.9875215110891667,0.9931385222697421
Endogenous,POLD4,NM_021173.2,1151.6666666666667,0.0023730834861928527,0.1834935865092277,0.012932787087212516,0.9896814164982866,0.9931385222697421
Endogenous,PTCH1,NM_000264.3,292.5740740740741,0.002839345705593143,0.2563388955468978,0.01107653093197352,0.9911623876962534,0.9931385222697421
Endogenous,HOXA10,NM_018951.3,198.7037037037037,0.00331823492504189,0.3131083167142756,0.010597722091393433,0.9915443994410587,0.9931385222697421
Endogenous,PDGFRA,NM_006206.3,1071.1851851851852,0.0021304191630658344,0.27838462554377663,0.007652790303718913,0.9938940163693505,0.9938940163693505
